Timestamp           ,Orderbook Delta      ,Price
2025-02-26 22:59:43 ,-25.05554522999988   ,84418.855
2025-02-26 23:00:46 ,-23.34421971000016   ,84491.13
2025-02-26 23:01:48 ,-20.744408869999972  ,84690.39
2025-02-26 23:02:51 ,-40.49086155000006   ,84760.005
2025-02-26 23:03:55 ,-32.36773760000004   ,85019.71
2025-02-26 23:04:57 ,-42.21208708000006   ,85108.47
2025-02-26 23:06:00 ,-24.94402058999988   ,85069.69
2025-02-26 23:07:04 ,-29.731383690000058  ,85183.285
2025-02-26 23:08:06 ,-6.262431779999844   ,85045.13
2025-02-26 23:09:09 ,-18.63057165000005   ,85034.95
2025-02-26 23:10:11 ,4.689194950000001    ,85113.425
2025-02-26 23:11:14 ,31.023755870000073   ,85037.155
2025-02-26 23:12:17 ,10.5922355700001     ,84989.725
2025-02-26 23:13:21 ,-6.9536213300000185  ,84954.93
2025-02-26 23:14:23 ,51.00902671999994    ,84842.75
2025-02-26 23:15:26 ,44.36010111999988    ,84632.9
2025-02-26 23:16:28 ,10.753737819999827   ,84826.105
2025-02-26 23:17:31 ,-6.02261152000014    ,84779.4
2025-02-26 23:18:51 ,-5.567968960000059   ,84654.645
2025-02-26 23:19:54 ,-20.31373464000005   ,84663.66
2025-02-26 23:20:57 ,-2.1704596800001497  ,84705.98
2025-02-26 23:22:00 ,-10.561645950000155  ,84614.565
2025-02-26 23:23:03 ,-22.301948630000112  ,84639.355
2025-02-26 23:24:06 ,6.817329379999933    ,84474.435
2025-02-26 23:25:08 ,-2.566316380000103   ,84614.07
2025-02-26 23:26:11 ,7.773359099999908    ,84508.12
2025-02-26 23:27:13 ,-13.197576290000057  ,84534.6
2025-02-26 23:28:16 ,37.05348001000007    ,84529.255
2025-02-26 23:29:19 ,-28.89771023         ,84493.585
2025-02-26 23:30:22 ,17.686868130000022   ,84200.005
2025-02-26 23:31:25 ,17.20510006000002    ,84335.01
2025-02-26 23:32:28 ,14.00249234000006    ,84286.255
2025-02-26 23:33:31 ,4.5426018300000095   ,84272.045
2025-02-26 23:34:33 ,1.6118084400000328   ,84228.675
2025-02-26 23:35:37 ,17.891131580000092   ,84117.455
2025-02-26 23:36:39 ,18.390256240000042   ,84154.19
2025-02-26 23:37:43 ,-2.5059546100000034  ,84217.735
2025-02-26 23:38:46 ,-20.336512119999966  ,84346.075
2025-02-26 23:39:48 ,-24.07055170999996   ,84252.035
2025-02-26 23:40:51 ,-8.073692020000038   ,84235.985
2025-02-26 23:41:54 ,30.126571129999974   ,84189.66
2025-02-26 23:42:58 ,-18.203361700000087  ,84158.145
2025-02-26 23:44:02 ,-28.096674670000013  ,84222.505
2025-02-26 23:45:05 ,-14.447042089999997  ,84157.905
2025-02-26 23:46:08 ,-21.64219884999993   ,84353.69
2025-02-26 23:47:11 ,-21.906085159999904  ,84316.915
2025-02-26 23:48:14 ,6.998586750000101    ,84340.1
2025-02-26 23:49:16 ,-24.580988260000083  ,84454.255
2025-02-26 23:50:19 ,-21.215102360000145  ,84559.285
2025-02-26 23:51:22 ,-10.726103490000071  ,84566.155
2025-02-26 23:52:24 ,-1.6300815099999966  ,84567.68
2025-02-26 23:53:27 ,-8.603737669999944   ,84540.49
2025-02-26 23:54:30 ,-1.8099899800002106  ,84762.69
2025-02-26 23:55:33 ,38.4554695999998     ,84575.545
2025-02-26 23:56:35 ,32.35632480999985    ,84439.145
2025-02-26 23:57:38 ,25.950627559999845   ,84501.55
2025-02-26 23:58:41 ,12.31204761999993    ,84367.095
2025-02-26 23:59:43 ,21.859980290000053   ,84323.52
2025-02-27 00:00:46 ,22.101560730000017   ,84374.615
2025-02-27 00:01:48 ,-15.062511890000025  ,84421.91
2025-02-27 00:02:50 ,-1.0847366600000896  ,84459.895
2025-02-27 00:03:53 ,16.715027050000003   ,84488.625
2025-02-27 00:04:56 ,1.9265639200000066   ,84554.37
2025-02-27 00:05:59 ,-13.561284090000044  ,84595.55
2025-02-27 00:07:02 ,11.634079569999983   ,84492.56
2025-02-27 00:08:04 ,14.867510599999889   ,84425.245
2025-02-27 00:09:07 ,26.834685649999955   ,84385.005
2025-02-27 00:10:10 ,4.556072259999894    ,84385.74
2025-02-27 00:11:13 ,21.11047795999997    ,84325.895
2025-02-27 00:12:16 ,23.938124680000016   ,84231.88
2025-02-27 00:13:18 ,14.305753600000031   ,84229.165
2025-02-27 00:14:21 ,3.7901771999999596   ,84271.41
2025-02-27 00:15:25 ,0.49202328000001216  ,84175.785
2025-02-27 00:16:28 ,25.978028460000047   ,84223.335
2025-02-27 00:17:31 ,26.155903699999953   ,84211.155
2025-02-27 00:18:34 ,16.973825289999866   ,84206.18
2025-02-27 00:19:37 ,11.863906009999823   ,84185.545
2025-02-27 00:20:40 ,22.62575484000007    ,84025.225
2025-02-27 00:21:44 ,14.193269590000057   ,83937.54
2025-02-27 00:22:47 ,-2.146989229999747   ,83914.78
2025-02-27 00:23:50 ,4.993023380000238    ,83863.625
2025-02-27 00:24:54 ,11.903834080000195   ,83904.9
2025-02-27 00:25:56 ,-4.2513372599997865  ,84006.365
2025-02-27 00:26:59 ,-1.2954437299999881  ,84078.245
2025-02-27 00:28:02 ,3.088824520000088    ,84015.305
2025-02-27 00:29:06 ,9.27261151000019     ,83995.405
2025-02-27 00:30:09 ,3.246402619999941    ,84035.255
2025-02-27 00:31:11 ,2.5218001300001447   ,83940.035
2025-02-27 00:32:14 ,28.104787460000068   ,83792.165
2025-02-27 00:33:17 ,4.563353399999926    ,83953.415
2025-02-27 00:34:19 ,-4.354043989999923   ,83929.925
2025-02-27 00:35:22 ,-14.597845979999903  ,83913.095
2025-02-27 00:36:25 ,-24.346190659999934  ,84033.75
2025-02-27 00:37:27 ,-1.9024535000000355  ,83943.69
2025-02-27 00:38:31 ,3.4278184000000635   ,83958.24
2025-02-27 00:39:33 ,4.463293760000084    ,83930.565
2025-02-27 00:40:36 ,-7.757364329999859   ,83905.775
2025-02-27 00:41:41 ,-20.57261781999972   ,83879.055
2025-02-27 00:42:44 ,-8.073588189999981   ,83932.975
2025-02-27 00:43:47 ,-18.10616877999999   ,83952.135
2025-02-27 00:44:50 ,14.07613339999989    ,83872.595
2025-02-27 00:45:54 ,-11.467561859999961  ,83868.875
2025-02-27 00:46:57 ,-7.954515979999826   ,83988.66
2025-02-27 00:47:59 ,-16.7586194699999    ,83996.635
2025-02-27 00:49:02 ,-8.545608559999977   ,83877.075
2025-02-27 00:50:05 ,-12.004328669999836  ,83836.935
2025-02-27 00:51:09 ,-22.567303829999815  ,83894.195
2025-02-27 00:52:12 ,-22.488413279999833  ,83946.655
2025-02-27 00:53:14 ,-23.791437929999773  ,83891.805
2025-02-27 00:54:17 ,-19.49309963999994   ,83856.815
2025-02-27 00:55:21 ,-15.5284330799997    ,83890.505
2025-02-27 00:56:23 ,-9.214525329999901   ,83919.97
2025-02-27 00:57:27 ,8.00330747000001     ,83975.715
2025-02-27 00:58:31 ,-19.18227632999998   ,84018.5
2025-02-27 00:59:34 ,3.6231387599998754   ,84085.035
2025-02-27 01:00:41 ,-43.47383168000012   ,84158.575
2025-02-27 01:01:44 ,-27.92804299000025   ,84145.245
2025-02-27 01:02:47 ,-30.72737093000009   ,84168.385
2025-02-27 01:03:51 ,-44.13581989000028   ,84334.235
2025-02-27 01:04:53 ,-41.606156490000046  ,84250.525
2025-02-27 01:05:56 ,-42.23218748000028   ,84342.285
2025-02-27 01:06:58 ,-45.028846000000215  ,84410.515
2025-02-27 01:08:02 ,-40.018978640000114  ,84456.245
2025-02-27 01:09:04 ,12.574615370000004   ,84231.075
2025-02-27 01:10:07 ,-13.392691190000107  ,84352.555
2025-02-27 01:11:09 ,-32.04194705000015   ,84444.945
2025-02-27 01:12:12 ,-9.882681060000152   ,84267.415
2025-02-27 01:13:15 ,-25.06295160000022   ,84341.62
2025-02-27 01:14:18 ,-17.28033743000023   ,84309.165
2025-02-27 01:15:21 ,-9.698780800000094   ,84219.425
2025-02-27 01:16:23 ,-13.828816440000196  ,84303.195
2025-02-27 01:17:26 ,-5.748460490000156   ,84333.66
2025-02-27 01:18:28 ,-2.6616281000000015  ,84352.285
2025-02-27 01:19:31 ,-16.429493229999963  ,84404.915
2025-02-27 01:20:34 ,1.8670439200000715   ,84452.2
2025-02-27 01:21:38 ,1.209941060000034    ,84527.49
2025-02-27 01:22:42 ,5.646726530000166    ,84402.495
2025-02-27 01:23:44 ,9.817601559999872    ,84404.43
2025-02-27 01:24:47 ,38.46671426000009    ,84236.84
2025-02-27 01:25:50 ,30.19807752000014    ,84175.27
2025-02-27 01:26:53 ,-2.168095890000018   ,84130.74
2025-02-27 01:27:55 ,49.56865219999975    ,84089.425
2025-02-27 01:29:00 ,-1.7205311799999663  ,84196.965
2025-02-27 01:30:04 ,-3.6976084100001287  ,84260.245
2025-02-27 01:31:08 ,-11.603347760000105  ,84280.475
2025-02-27 01:32:11 ,-11.050994080000152  ,84145.625
2025-02-27 01:33:14 ,11.635435589999858   ,83936.495
2025-02-27 01:34:16 ,-3.763358190000119   ,84055.485
2025-02-27 01:35:19 ,4.906995939999874    ,83959.02
2025-02-27 01:36:23 ,11.395087569999959   ,84031.93
2025-02-27 01:37:27 ,16.23123511999988    ,83976.76
2025-02-27 01:38:30 ,0.1145586099999889   ,84023.01
2025-02-27 01:39:32 ,-20.463337090000152  ,84237.125
2025-02-27 01:40:35 ,-10.944898380000097  ,84215.39
2025-02-27 01:41:39 ,-8.487984980000064   ,84415.365
2025-02-27 01:42:43 ,13.49624971999998    ,84482.625
2025-02-27 01:43:46 ,-19.021292039999935  ,84508.895
2025-02-27 01:44:50 ,-2.9112313100000193  ,84560.235
2025-02-27 01:45:53 ,-22.06206806         ,84623.735
2025-02-27 01:46:56 ,-4.084885069999984   ,84562.21
2025-02-27 01:47:59 ,20.407926230000015   ,84632.385
2025-02-27 01:49:02 ,-1.5515160099999292  ,84589.555
2025-02-27 01:50:04 ,-25.160060589999986  ,84557.985
2025-02-27 01:51:09 ,-29.730477160000362  ,84656.925
2025-02-27 01:52:12 ,-17.603365900000227  ,84570.15
2025-02-27 01:53:15 ,-15.617819500000309  ,84630.855
2025-02-27 01:54:18 ,-5.134934640000154   ,84632.49
2025-02-27 01:55:21 ,7.694154919999988    ,84549.225
2025-02-27 01:56:24 ,-42.82795365000018   ,84606.305
2025-02-27 01:57:27 ,-30.86258411000034   ,84626.315
2025-02-27 01:58:30 ,-43.88129638000029   ,84625.165
2025-02-27 01:59:34 ,-24.721944970000294  ,84634.135
2025-02-27 02:00:37 ,-19.72155427000007   ,84558.595
2025-02-27 02:01:40 ,-9.887266019999913   ,84563.08
2025-02-27 02:02:42 ,0.6652905700001384   ,84453.605
2025-02-27 02:03:46 ,-12.475497670000038  ,84538.0
2025-02-27 02:04:48 ,-25.302835670000007  ,84591.97
2025-02-27 02:05:51 ,-6.108117220000253   ,84396.585
2025-02-27 02:06:54 ,33.162972409999966   ,84245.115
2025-02-27 02:07:57 ,9.213897540000062    ,84247.365
2025-02-27 02:09:00 ,15.157655259999899   ,84298.91
2025-02-27 02:10:03 ,11.172161829999936   ,84326.35
2025-02-27 02:11:06 ,23.058758489999974   ,84284.53
2025-02-27 02:12:09 ,-23.41075082999984   ,84452.495
2025-02-27 02:13:11 ,-10.348729209999988  ,84558.67
2025-02-27 02:14:14 ,-12.608263210000018  ,84544.965
2025-02-27 02:15:16 ,-5.882620639999885   ,84565.015
2025-02-27 02:16:20 ,-23.62592039000009   ,84671.54
2025-02-27 02:17:23 ,-21.286844390000084  ,84585.45
2025-02-27 02:18:25 ,-12.394087450000143  ,84609.865
2025-02-27 02:19:28 ,6.154429959999959    ,84556.195
2025-02-27 02:20:32 ,-17.633959800000014  ,84532.345
2025-02-27 02:21:34 ,-35.717996810000244  ,84635.8
2025-02-27 02:22:38 ,-27.675378039999927  ,84809.815
2025-02-27 02:23:40 ,-28.50063273000002   ,84821.415
2025-02-27 02:24:43 ,-0.1212157499999762  ,84816.545
2025-02-27 02:25:47 ,-20.347343740000127  ,84897.195
2025-02-27 02:26:49 ,-63.20409412000005   ,85197.045
2025-02-27 02:27:52 ,-36.783704999999955  ,85208.305
2025-02-27 02:28:55 ,-21.287699000000146  ,85303.705
2025-02-27 02:29:58 ,-11.813343389999886  ,85137.49
2025-02-27 02:31:01 ,-24.593646139999862  ,85177.715
2025-02-27 02:32:04 ,27.021778800000035   ,85108.485
2025-02-27 02:33:08 ,17.647394959999957   ,84993.8
2025-02-27 02:34:14 ,-6.8391907900000035  ,84946.285
2025-02-27 02:35:16 ,1.8832017599999347   ,85001.635
2025-02-27 02:36:19 ,-9.075213930000075   ,85025.915
2025-02-27 02:37:21 ,-19.165204030000098  ,84944.285
2025-02-27 02:38:24 ,15.342953829999999   ,84811.595
2025-02-27 02:39:27 ,9.941985869999911    ,84784.615
2025-02-27 02:40:30 ,16.835100319999952   ,84761.68
2025-02-27 02:41:32 ,20.741693760000004   ,84804.295
2025-02-27 02:42:36 ,22.290026669999946   ,84919.245
2025-02-27 02:43:39 ,6.353999890000125    ,84918.645
2025-02-27 02:44:41 ,7.640319340000218    ,84839.87
2025-02-27 02:45:44 ,15.626711829999891   ,84748.675
2025-02-27 02:46:47 ,21.96536001999985    ,84699.885
2025-02-27 02:47:50 ,5.292223070000148    ,84870.635
2025-02-27 02:48:52 ,7.265983799999702    ,84788.855
2025-02-27 02:49:55 ,7.640868349999835    ,84759.385
2025-02-27 02:50:59 ,1.811796499999815    ,84710.575
2025-02-27 02:52:02 ,7.774880929999824    ,84769.785
2025-02-27 02:53:04 ,0.12759127999964903  ,84818.965
2025-02-27 02:54:07 ,-8.315821190000065   ,84826.6
2025-02-27 02:55:10 ,1.9649139800000626   ,84903.765
2025-02-27 02:56:13 ,-3.8269830700000114  ,84818.975
2025-02-27 02:57:16 ,0.4988299900001323   ,84805.725
2025-02-27 02:58:19 ,-11.428403410000016  ,84791.565
2025-02-27 02:59:23 ,-0.9686197700002026  ,84694.49
2025-02-27 03:00:25 ,16.146266259999777   ,84616.65
2025-02-27 03:01:29 ,25.597576409999732   ,84630.315
2025-02-27 03:02:32 ,1.1986943999999085   ,84653.63
2025-02-27 03:03:35 ,37.152762110000026   ,84495.395
2025-02-27 03:04:38 ,21.110608479999684   ,84606.43
2025-02-27 03:05:41 ,11.088996009999846   ,84570.46
2025-02-27 03:06:43 ,19.589483499999915   ,84494.365
2025-02-27 03:07:47 ,13.761535579999702   ,84597.04
2025-02-27 03:08:49 ,7.35075792999973     ,84588.865
2025-02-27 03:09:53 ,13.59140585000003    ,84534.655
2025-02-27 03:10:56 ,24.453386289999912   ,84586.02
2025-02-27 03:11:59 ,18.27557551999965    ,84629.45
2025-02-27 03:13:02 ,2.6114243799996473   ,84650.845
2025-02-27 03:14:04 ,20.615600600000022   ,84561.6
2025-02-27 03:15:07 ,10.922500229999741   ,84637.18
2025-02-27 03:16:10 ,5.306476569999774    ,84694.005
2025-02-27 03:17:13 ,1.5463164599996162   ,84732.145
2025-02-27 03:18:15 ,4.977603069999645    ,84664.805
2025-02-27 03:19:18 ,-10.273064360000063  ,84742.455
2025-02-27 03:20:21 ,-28.18108233999986   ,84818.86
2025-02-27 03:21:24 ,-13.566396419999933  ,84825.445
2025-02-27 03:22:26 ,2.7943105400001116   ,84863.025
2025-02-27 03:23:29 ,-0.6050873899999374  ,84836.685
2025-02-27 03:24:31 ,2.263185850000042    ,84956.275
2025-02-27 03:25:34 ,-3.0773874199999796  ,84906.8
2025-02-27 03:26:37 ,10.322198879999974   ,84973.325
2025-02-27 03:27:41 ,-3.272789359999962   ,84977.575
2025-02-27 03:28:44 ,8.025379800000053    ,84943.625
2025-02-27 03:29:47 ,26.281905450000068   ,84811.725
2025-02-27 03:30:50 ,35.50292908000006    ,84789.835
2025-02-27 03:31:53 ,40.12874070000004    ,84737.735
2025-02-27 03:32:55 ,34.662676819999945   ,84705.96
2025-02-27 03:33:58 ,17.361603039999864   ,84695.655
2025-02-27 03:35:02 ,19.109740629999948   ,84627.505
2025-02-27 03:36:05 ,44.976629140000085   ,84562.205
2025-02-27 03:37:08 ,37.44246647000011    ,84521.215
2025-02-27 03:38:11 ,61.32159470000005    ,84345.605
2025-02-27 03:39:16 ,49.78966202999993    ,84406.485
2025-02-27 03:40:19 ,66.91762356999996    ,84464.995
2025-02-27 03:41:22 ,66.71899008999989    ,84379.99
2025-02-27 03:42:26 ,50.88530826999997    ,84496.59
2025-02-27 03:43:29 ,49.943751780000056   ,84467.285
2025-02-27 03:44:32 ,26.390314680000145   ,84530.835
2025-02-27 03:45:34 ,54.55271373000015    ,84437.985
2025-02-27 03:46:39 ,65.94518473000016    ,84444.82
2025-02-27 03:47:41 ,54.31463836000009    ,84461.21
2025-02-27 03:48:44 ,50.68397649000006    ,84421.37
2025-02-27 03:49:47 ,66.55285223000014    ,84548.27
2025-02-27 03:50:49 ,49.739261980000165   ,84417.795
2025-02-27 03:51:52 ,57.93923493000008    ,84515.09
2025-02-27 03:52:55 ,52.307455180000034   ,84436.29
2025-02-27 03:53:58 ,49.88469185000001    ,84473.255
2025-02-27 03:55:01 ,58.44528402          ,84528.745
2025-02-27 03:56:04 ,65.83505396000015    ,84482.95
2025-02-27 03:57:07 ,56.7540597900001     ,84450.6
2025-02-27 03:58:09 ,57.082644780000265   ,84495.29
2025-02-27 03:59:12 ,81.57294055000015    ,84194.645
2025-02-27 04:00:15 ,80.06970326000024    ,84216.48
2025-02-27 04:01:18 ,67.45350818000017    ,84312.32
2025-02-27 04:02:20 ,65.49505837000005    ,84310.06
2025-02-27 04:03:24 ,36.10223965000017    ,84450.51
2025-02-27 04:04:27 ,59.27285420000018    ,84462.82
2025-02-27 04:05:31 ,41.045571160000165   ,84447.255
2025-02-27 04:06:34 ,52.69473614000009    ,84538.595
2025-02-27 04:07:37 ,55.01104189000007    ,84534.235
2025-02-27 04:08:39 ,61.16681276000003    ,84532.865
2025-02-27 04:09:42 ,42.929325870000085   ,84469.585
2025-02-27 04:10:45 ,53.31031491000003    ,84561.705
2025-02-27 04:11:48 ,28.55383676999972    ,84724.57
2025-02-27 04:12:50 ,38.07342844999968    ,84682.935
2025-02-27 04:13:52 ,40.48516990999971    ,84652.565
2025-02-27 04:14:55 ,52.8646534599998     ,84618.675
2025-02-27 04:15:57 ,33.50302183000008    ,84731.905
2025-02-27 04:17:00 ,27.679433570000185   ,84806.99
2025-02-27 04:18:03 ,16.127476949999988   ,84806.14
2025-02-27 04:19:06 ,9.949580950000069    ,84790.005
2025-02-27 04:20:09 ,19.614756490000048   ,84742.665
2025-02-27 04:21:13 ,31.416987329999785   ,84780.91
2025-02-27 04:22:16 ,31.241055039999964   ,84785.81
2025-02-27 04:23:19 ,37.86814128999998    ,84808.715
2025-02-27 04:24:22 ,28.406472669999943   ,84846.8
2025-02-27 04:25:25 ,21.132633019999872   ,84833.185
2025-02-27 04:26:29 ,53.05422572000005    ,84714.395
2025-02-27 04:27:32 ,40.54892533999984    ,84710.525
2025-02-27 04:28:35 ,38.3189403999998     ,84626.99
2025-02-27 04:29:37 ,29.37961941999987    ,84623.28
2025-02-27 04:30:41 ,24.966592970000107   ,84635.375
2025-02-27 04:31:43 ,30.64516046999998    ,84700.045
2025-02-27 04:32:46 ,16.111335810000043   ,84714.055
2025-02-27 04:33:49 ,11.06148339999973    ,84776.535
2025-02-27 04:34:52 ,-13.947596490000024  ,84831.88
2025-02-27 04:35:55 ,-7.353306390000029   ,84836.66
2025-02-27 04:36:57 ,-9.830462769999968   ,84823.485
2025-02-27 04:38:00 ,2.7637669000002916   ,84892.41
2025-02-27 04:39:03 ,-0.8959641699999565  ,84966.345
2025-02-27 04:40:06 ,-0.3919255099999077  ,84894.335
2025-02-27 04:41:10 ,1.6702534600001968   ,84933.395
2025-02-27 04:42:13 ,-15.546005509999844  ,85005.165
2025-02-27 04:43:15 ,-10.24710496999981   ,85039.29
2025-02-27 04:44:18 ,7.614258480000103    ,84962.515
2025-02-27 04:45:21 ,-6.567628310000032   ,84876.715
2025-02-27 04:46:24 ,-10.484056889999891  ,84955.665
2025-02-27 04:47:27 ,3.7012967900001286   ,85036.195
2025-02-27 04:48:29 ,-0.8958637099998725  ,85046.985
2025-02-27 04:49:32 ,2.049946960000142    ,85089.655
2025-02-27 04:50:35 ,-4.195740139999941   ,85128.095
2025-02-27 04:51:38 ,9.226183160000062    ,85007.555
2025-02-27 04:52:40 ,8.927580470000152    ,85017.575
2025-02-27 04:53:43 ,-2.300078539999845   ,85152.83
2025-02-27 04:54:46 ,4.363691860000046    ,85149.11
2025-02-27 04:55:49 ,-13.595890339999869  ,85165.33
2025-02-27 04:56:51 ,6.725543160000086    ,85213.215
2025-02-27 04:57:54 ,6.026354600000104    ,85222.68
2025-02-27 04:58:58 ,13.49728429999999    ,85190.815
2025-02-27 05:00:05 ,-0.62517215999992    ,85130.365
2025-02-27 05:01:08 ,2.2598034800001585   ,85092.185
2025-02-27 05:02:10 ,13.486030779999993   ,85003.785
2025-02-27 05:03:13 ,18.47627885999998    ,84969.045
2025-02-27 05:04:15 ,18.990290790000074   ,85026.385
2025-02-27 05:05:19 ,-11.805315989999826  ,85087.865
2025-02-27 05:06:22 ,-7.297880519999978   ,85198.62
2025-02-27 05:07:26 ,14.64206087999986    ,85210.52
2025-02-27 05:08:28 ,17.079468950000006   ,85181.225
2025-02-27 05:09:31 ,21.53267414000007    ,85077.15
2025-02-27 05:10:33 ,30.926635230000016   ,84944.005
2025-02-27 05:11:36 ,33.937427840000055   ,84932.115
2025-02-27 05:12:38 ,14.025141770000118   ,84897.6
2025-02-27 05:13:40 ,11.129834020000004   ,84930.795
2025-02-27 05:14:43 ,3.9438744500000382   ,84919.205
2025-02-27 05:15:45 ,12.134232940000032   ,84975.64
2025-02-27 05:16:48 ,-7.649160329999916   ,84942.145
2025-02-27 05:17:51 ,21.890517330000023   ,84833.425
2025-02-27 05:18:53 ,24.182289579999946   ,84758.48
2025-02-27 05:19:56 ,16.025438899999926   ,84678.935
2025-02-27 05:20:59 ,57.4037811099999     ,84672.705
2025-02-27 05:22:03 ,24.35317349999977    ,84684.995
2025-02-27 05:23:05 ,27.992027639999947   ,84743.03
2025-02-27 05:24:09 ,29.430031710000122   ,84716.155
2025-02-27 05:25:12 ,27.657685320000127   ,84658.765
2025-02-27 05:26:15 ,21.011205160000003   ,84693.685
2025-02-27 05:27:18 ,48.48749280000011    ,84616.705
2025-02-27 05:28:21 ,25.79109659999989    ,84709.17
2025-02-27 05:29:24 ,30.894546109999993   ,84760.695
2025-02-27 05:30:29 ,25.3888781699998     ,84728.21
2025-02-27 05:31:32 ,27.413513319999907   ,84790.215
2025-02-27 05:32:35 ,44.63274367000017    ,84767.455
2025-02-27 05:33:37 ,16.854524440000063   ,84751.225
2025-02-27 05:34:41 ,28.127297060000046   ,84813.58
2025-02-27 05:35:45 ,17.226745949999952   ,84743.375
2025-02-27 05:36:48 ,32.87717101999982    ,84625.27
2025-02-27 05:37:52 ,26.809108329999873   ,84666.545
2025-02-27 05:38:55 ,24.825808529999875   ,84713.9
2025-02-27 05:39:58 ,38.98518741999999    ,84693.395
2025-02-27 05:41:02 ,34.2349916500001     ,84764.58
2025-02-27 05:42:04 ,35.02882065999998    ,84766.45
2025-02-27 05:43:08 ,26.411033720000034   ,84729.215
2025-02-27 05:44:12 ,12.554598490000217   ,84881.93
2025-02-27 05:45:15 ,5.193906520000027    ,84928.59
2025-02-27 05:46:19 ,-5.953177299999794   ,84962.18
2025-02-27 05:47:22 ,23.104483520000002   ,84854.57
2025-02-27 05:48:24 ,13.695974740000054   ,84894.195
2025-02-27 05:49:28 ,15.105964330000035   ,84891.875
2025-02-27 05:50:31 ,19.040736200000083   ,84992.45
2025-02-27 05:51:34 ,-10.186575659999818  ,85095.295
2025-02-27 05:52:38 ,-0.9200661299999808  ,85114.475
2025-02-27 05:53:41 ,-11.101873999999796  ,85087.595
2025-02-27 05:54:43 ,14.4732054400001     ,85093.325
2025-02-27 05:55:46 ,10.5771751300002     ,85132.85
2025-02-27 05:56:49 ,5.220755870000005    ,85162.285
2025-02-27 05:57:52 ,20.327956239999992   ,85102.58
2025-02-27 05:58:56 ,18.777214350000094   ,85010.12
2025-02-27 05:59:59 ,10.184486210000273   ,85070.21
2025-02-27 06:01:02 ,17.905198440000078   ,85013.19
2025-02-27 06:02:05 ,28.340195770000065   ,85053.295
2025-02-27 06:03:08 ,-3.863401439999862   ,85032.005
2025-02-27 06:04:12 ,6.689574190000144    ,85079.635
2025-02-27 06:05:15 ,16.86072220000014    ,85032.405
2025-02-27 06:06:17 ,-19.11551485000001   ,85156.735
2025-02-27 06:07:21 ,-20.10401300999979   ,85236.485
2025-02-27 06:08:24 ,-27.320997110000008  ,85349.435
2025-02-27 06:09:26 ,-10.063934520000032  ,85358.035
2025-02-27 06:10:29 ,-6.922912269999955   ,85295.56
2025-02-27 06:11:31 ,-14.061740920000148  ,85330.05
2025-02-27 06:12:35 ,-9.762778630000042   ,85389.345
2025-02-27 06:13:37 ,-34.14723031999995   ,85498.4
2025-02-27 06:14:40 ,-5.4586702899999295  ,85504.655
2025-02-27 06:15:43 ,-7.396702039999894   ,85500.765
2025-02-27 06:16:45 ,-13.883034019999883  ,85515.85
2025-02-27 06:17:48 ,-2.109125649999868   ,85552.22
2025-02-27 06:18:51 ,-12.27047674000002   ,85453.75
2025-02-27 06:19:53 ,2.0115959099999543   ,85421.365
2025-02-27 06:20:56 ,3.31284968999978     ,85384.39
2025-02-27 06:21:58 ,8.712229599999915    ,85406.685
2025-02-27 06:23:01 ,-5.725387550000079   ,85310.19
2025-02-27 06:24:03 ,-3.3152372300001502  ,85293.205
2025-02-27 06:25:06 ,-5.914145540000021   ,85287.44
2025-02-27 06:26:08 ,17.554860949999863   ,85342.61
2025-02-27 06:27:12 ,2.0449619999999413   ,85302.095
2025-02-27 06:28:15 ,10.71461542000003    ,85323.225
2025-02-27 06:29:19 ,10.628872060000077   ,85246.145
2025-02-27 06:30:21 ,37.53154562000003    ,85232.31
2025-02-27 06:31:24 ,14.177224670000015   ,85260.455
2025-02-27 06:32:27 ,8.925158219999958    ,85322.66
2025-02-27 06:33:30 ,3.633285179999973    ,85295.515
2025-02-27 06:34:33 ,11.726674059999851   ,85347.275
2025-02-27 06:35:35 ,17.074591930000025   ,85355.535
2025-02-27 06:36:38 ,16.203624359999964   ,85353.185
2025-02-27 06:37:41 ,21.087281299999944   ,85353.405
2025-02-27 06:38:44 ,24.922883249999984   ,85433.07
2025-02-27 06:39:47 ,-27.635760539999822  ,85679.995
2025-02-27 06:40:50 ,-7.666366649999873   ,85641.15
2025-02-27 06:41:52 ,-27.36077629999967   ,85694.855
2025-02-27 06:42:55 ,-3.1190465900000106  ,85701.54
2025-02-27 06:43:58 ,-17.223508189999905  ,85712.275
2025-02-27 06:45:00 ,-4.305966329999819   ,85642.215
2025-02-27 06:46:03 ,20.891861729999903   ,85675.13
2025-02-27 06:47:07 ,-15.010287479999903  ,85677.14
2025-02-27 06:48:11 ,-25.159247589999808  ,85679.945
2025-02-27 06:49:14 ,-11.328500329999827  ,85681.645
2025-02-27 06:50:18 ,-7.194333429999972   ,85694.83
2025-02-27 06:51:21 ,-7.805717129999863   ,85696.565
2025-02-27 06:52:24 ,-10.675472119999938  ,85659.975
2025-02-27 06:53:27 ,-16.65297168999976   ,85822.635
2025-02-27 06:54:31 ,-1.0966102000001285  ,85746.965
2025-02-27 06:55:33 ,6.268490620000023    ,85737.85
2025-02-27 06:56:36 ,0.024287140000041063 ,85730.565
2025-02-27 06:57:39 ,-11.533062200000074  ,85813.065
2025-02-27 06:58:42 ,-3.466232770000147   ,85836.66
2025-02-27 06:59:45 ,-5.07298658000002    ,85791.185
2025-02-27 07:00:47 ,-4.407720090000026   ,85795.455
2025-02-27 07:01:50 ,-7.82864701999992    ,85774.805
2025-02-27 07:02:54 ,-6.175592390000048   ,85829.705
2025-02-27 07:03:56 ,-15.940497829999828  ,85819.6
2025-02-27 07:04:59 ,-11.740805089999895  ,85795.165
2025-02-27 07:06:02 ,-15.254287089999963  ,85805.11
2025-02-27 07:07:05 ,-14.225904579999934  ,85742.565
2025-02-27 07:08:07 ,6.19823324999993     ,85751.2
2025-02-27 07:09:10 ,-11.055519689999898  ,85666.375
2025-02-27 07:10:13 ,10.090778510000064   ,85612.325
2025-02-27 07:11:15 ,13.101921729999901   ,85681.72
2025-02-27 07:12:19 ,5.786771410000142    ,85703.31
2025-02-27 07:13:22 ,-0.6889587099996959  ,85821.255
2025-02-27 07:14:25 ,-12.483172749999795  ,85717.635
2025-02-27 07:15:27 ,-0.1482578999997486  ,85716.05
2025-02-27 07:16:30 ,-3.946397359999821   ,85746.415
2025-02-27 07:17:34 ,-1.922425479999788   ,85778.71
2025-02-27 07:18:37 ,-7.9239701299999865  ,85859.225
2025-02-27 07:19:40 ,-4.087030169999878   ,85783.445
2025-02-27 07:20:43 ,-0.849989519999923   ,85866.715
2025-02-27 07:21:46 ,2.805624010000173    ,85872.415
2025-02-27 07:22:49 ,3.7223466600000563   ,85856.565
2025-02-27 07:23:52 ,2.082174460000118    ,85898.56
2025-02-27 07:24:54 ,-21.09139285999987   ,85939.935
2025-02-27 07:25:57 ,-13.017013630000008  ,85905.085
2025-02-27 07:27:00 ,5.0511847100000296   ,85883.56
2025-02-27 07:28:03 ,2.3916589200000544   ,86006.885
2025-02-27 07:29:08 ,-10.13635917000002   ,86075.02
2025-02-27 07:30:11 ,5.434101820000052    ,86025.64
2025-02-27 07:31:14 ,0.5915828400000862   ,86014.44
2025-02-27 07:32:16 ,18.649102530000164   ,86026.905
2025-02-27 07:33:19 ,14.722558720000137   ,85989.235
2025-02-27 07:34:23 ,7.670604550000178    ,85998.02
2025-02-27 07:35:25 ,1.342790490000084    ,86057.425
2025-02-27 07:36:28 ,-16.967081800000045  ,86130.575
2025-02-27 07:37:31 ,23.43832008000001    ,86159.535
2025-02-27 07:38:34 ,15.709113130000077   ,86182.125
2025-02-27 07:39:37 ,-17.99919989999995   ,86373.995
2025-02-27 07:40:40 ,-9.670234159999865   ,86394.755
2025-02-27 07:41:43 ,0.2171664000000817   ,86614.68
2025-02-27 07:42:47 ,36.997856469999874   ,86500.025
2025-02-27 07:43:49 ,14.324052099999847   ,86383.675
2025-02-27 07:44:52 ,39.625947639999936   ,86327.745
2025-02-27 07:45:56 ,24.053012539999997   ,86338.365
2025-02-27 07:46:59 ,31.28136650000002    ,86295.795
2025-02-27 07:48:02 ,18.050759099999965   ,86345.835
2025-02-27 07:49:05 ,12.376481600000048   ,86313.475
2025-02-27 07:50:08 ,4.475787679999996    ,86257.875
2025-02-27 07:51:11 ,7.750012499999968    ,86309.305
2025-02-27 07:52:14 ,15.52959640000006    ,86313.215
2025-02-27 07:53:18 ,5.856159279999986    ,86321.235
2025-02-27 07:54:21 ,10.905832050000043   ,86235.66
2025-02-27 07:55:25 ,15.25547334000018    ,86200.85
2025-02-27 07:56:28 ,9.174279190000163    ,86190.05
2025-02-27 07:57:31 ,16.32536824000016    ,86170.735
2025-02-27 07:58:34 ,28.845746250000133   ,86124.34
2025-02-27 07:59:37 ,17.52518407000025    ,86157.585
2025-02-27 08:00:39 ,6.6016208100000995   ,86242.385
2025-02-27 08:01:42 ,-0.9382594499998902  ,86232.81
2025-02-27 08:02:46 ,2.384162160000159    ,86258.875
2025-02-27 08:03:49 ,0.3780285300002504   ,86326.415
2025-02-27 08:04:51 ,13.102824670000103   ,86217.18
2025-02-27 08:05:54 ,7.478580960000102    ,86303.095
2025-02-27 08:06:57 ,20.81144587000017    ,86297.8
2025-02-27 08:08:00 ,6.909914160000113    ,86231.68
2025-02-27 08:09:03 ,21.40526796000006    ,86241.925
2025-02-27 08:10:06 ,20.931938550000027   ,86146.555
2025-02-27 08:11:09 ,20.55228760000014    ,86142.575
2025-02-27 08:12:11 ,22.680753070000122   ,86098.11
2025-02-27 08:13:14 ,25.234698080000044   ,86078.965
2025-02-27 08:14:17 ,26.024461750000057   ,86075.305
2025-02-27 08:15:20 ,21.554550570000202   ,86066.405
2025-02-27 08:16:23 ,8.220899750000115    ,86146.72
2025-02-27 08:17:26 ,6.921772600000196    ,86166.385
2025-02-27 08:18:28 ,26.40055046000009    ,86200.14
2025-02-27 08:19:31 ,18.220478150000233   ,86246.57
2025-02-27 08:20:34 ,-0.9641021000000478  ,86346.24
2025-02-27 08:21:37 ,14.571137210000217   ,86422.165
2025-02-27 08:22:39 ,12.504899220000226   ,86313.725
2025-02-27 08:23:42 ,27.635179060000056   ,86247.285
2025-02-27 08:24:45 ,40.53792805000016    ,86237.59
2025-02-27 08:25:47 ,25.16447257000017    ,86230.545
2025-02-27 08:26:50 ,25.580834740000086   ,86154.6
2025-02-27 08:27:53 ,20.937672340000148   ,86112.64
2025-02-27 08:28:56 ,1.2025304500001823   ,86222.915
2025-02-27 08:30:04 ,4.247009000000162    ,86294.75
2025-02-27 08:31:07 ,9.429883910000058    ,86245.195
2025-02-27 08:32:10 ,50.89482612000016    ,86197.625
2025-02-27 08:33:15 ,7.812874410000234    ,86274.995
2025-02-27 08:34:18 ,9.429161330000227    ,86258.325
2025-02-27 08:35:20 ,14.280710039999988   ,86272.465
2025-02-27 08:36:24 ,4.1681858300001124   ,86322.7
2025-02-27 08:37:27 ,3.44247118000024     ,86400.385
2025-02-27 08:38:31 ,-13.370278869999765  ,86487.03
2025-02-27 08:39:34 ,3.8924373800001604   ,86408.825
2025-02-27 08:40:38 ,-6.267796859999862   ,86394.01
2025-02-27 08:41:42 ,-5.8050049899997305  ,86387.995
2025-02-27 08:42:46 ,-5.275238899999891   ,86362.36
2025-02-27 08:43:49 ,5.052631350000183    ,86289.165
2025-02-27 08:44:52 ,-0.2885871499999837  ,86374.035
2025-02-27 08:45:55 ,-10.539508439999764  ,86430.055
2025-02-27 08:46:57 ,-2.911800369999895   ,86419.38
2025-02-27 08:48:00 ,9.39230429000007     ,86302.94
2025-02-27 08:49:04 ,-9.514900279999807   ,86415.16
2025-02-27 08:50:06 ,10.494757640000188   ,86356.18
2025-02-27 08:51:09 ,5.494358230000117    ,86391.795
2025-02-27 08:52:13 ,-0.49608796999987703 ,86380.725
2025-02-27 08:53:16 ,-14.948667049999756  ,86424.825
2025-02-27 08:54:18 ,-3.5928766699998675  ,86403.085
2025-02-27 08:55:21 ,-1.8961586799998997  ,86359.835
2025-02-27 08:56:24 ,7.36446333000012     ,86343.39
2025-02-27 08:57:26 ,-4.934673980000014   ,86308.055
2025-02-27 08:58:30 ,18.272479480000015   ,86257.365
2025-02-27 08:59:33 ,20.16434041000005    ,86229.645
2025-02-27 09:00:39 ,13.731327220000026   ,86229.895
2025-02-27 09:01:42 ,5.061607470000013    ,86185.165
2025-02-27 09:02:45 ,4.973833200000058    ,86281.665
2025-02-27 09:03:48 ,6.992876170000017    ,86213.465
2025-02-27 09:04:51 ,2.0957378600001277   ,86272.155
2025-02-27 09:05:54 ,6.48120847000007     ,86335.18
2025-02-27 09:06:57 ,1.3483745300001715   ,86316.075
2025-02-27 09:08:00 ,8.745936630000159    ,86345.565
2025-02-27 09:09:02 ,2.0089667300000826   ,86337.56
2025-02-27 09:10:05 ,12.07414319000003    ,86290.525
2025-02-27 09:11:08 ,17.56325437000004    ,86238.07
2025-02-27 09:12:11 ,17.120175470000078   ,86206.535
2025-02-27 09:13:14 ,22.76279880000007    ,86178.005
2025-02-27 09:14:17 ,21.493791840000114   ,86154.495
2025-02-27 09:15:21 ,13.978262300000154   ,86133.055
2025-02-27 09:16:24 ,1.808152840000048    ,86090.495
2025-02-27 09:17:26 ,4.755260580000083    ,86080.785
2025-02-27 09:18:29 ,16.93274767000017    ,86217.245
2025-02-27 09:19:34 ,-1.6986677100000236  ,86085.375
2025-02-27 09:20:37 ,2.309475790000022    ,86144.785
2025-02-27 09:21:40 ,-6.13154937999991    ,86162.05
2025-02-27 09:22:43 ,-27.985392049999774  ,86190.55
2025-02-27 09:23:47 ,-14.894715519999892  ,86095.395
2025-02-27 09:24:49 ,-29.04851397999994   ,86081.905
2025-02-27 09:25:52 ,-3.4762506399999324  ,86017.445
2025-02-27 09:26:55 ,-11.74087884999986   ,86004.925
2025-02-27 09:27:58 ,5.091199669999895    ,85901.85
2025-02-27 09:29:00 ,-4.584015579999942   ,85947.06
2025-02-27 09:30:04 ,-24.23306722999982   ,85866.725
2025-02-27 09:31:07 ,-9.132551510000013   ,86008.025
2025-02-27 09:32:10 ,-19.89175522000002   ,85964.43
2025-02-27 09:33:12 ,2.9182023299999003   ,85999.995
2025-02-27 09:34:15 ,1.65397473999991     ,86012.995
2025-02-27 09:35:18 ,-7.536566159999978   ,86001.29
2025-02-27 09:36:21 ,-23.022744169999868  ,86066.205
2025-02-27 09:37:24 ,1.4376826800001083   ,86009.925
2025-02-27 09:38:26 ,-9.777920229999921   ,85958.715
2025-02-27 09:39:29 ,-11.871136469999982  ,85940.695
2025-02-27 09:40:32 ,-5.8906818099998475  ,85920.09
2025-02-27 09:41:35 ,3.540840579999923    ,85837.635
2025-02-27 09:42:38 ,-7.939789070000046   ,85888.48
2025-02-27 09:43:41 ,-15.665484260000056  ,85918.085
2025-02-27 09:44:44 ,-7.595620760000031   ,85913.65
2025-02-27 09:45:47 ,-5.70876514999992    ,85992.275
2025-02-27 09:46:50 ,-5.319718799999947   ,85981.185
2025-02-27 09:47:54 ,-11.322198600000007  ,85990.15
2025-02-27 09:48:57 ,-12.960071080000006  ,85971.985
2025-02-27 09:49:59 ,-1.2438330700000222  ,85898.385
2025-02-27 09:51:02 ,-0.13350678000008998 ,85907.165
2025-02-27 09:52:05 ,-9.93355555000008    ,85918.895
2025-02-27 09:53:09 ,-6.787417190000042   ,85893.035
2025-02-27 09:54:12 ,10.283894789999891   ,85863.355
2025-02-27 09:55:15 ,-6.063423929999999   ,85854.335
2025-02-27 09:56:18 ,-2.205548219999997   ,85850.725
2025-02-27 09:57:22 ,20.77618937999992    ,85915.18
2025-02-27 09:58:26 ,-4.396482849999927   ,85999.365
2025-02-27 09:59:29 ,-3.0657761500000618  ,85990.725
2025-02-27 10:00:32 ,-17.846026949999896  ,85990.09
2025-02-27 10:01:35 ,-2.6904121599999655  ,86024.475
2025-02-27 10:02:39 ,-10.14896663999997   ,86119.795
2025-02-27 10:03:41 ,-13.702867839999954  ,86109.68
2025-02-27 10:04:44 ,-5.555237900000009   ,86115.285
2025-02-27 10:05:48 ,-4.1943574799997805  ,86189.625
2025-02-27 10:06:52 ,-28.19836178999998   ,86249.105
2025-02-27 10:07:55 ,16.67049707999996    ,86162.205
2025-02-27 10:08:57 ,6.686675030000089    ,86158.205
2025-02-27 10:10:01 ,-5.266165609999945   ,86189.065
2025-02-27 10:11:05 ,28.34110022000003    ,86146.625
2025-02-27 10:12:08 ,3.1916255600000625   ,85961.055
2025-02-27 10:13:11 ,-1.4728545099997348  ,86070.405
2025-02-27 10:14:14 ,28.86791569000019    ,86002.435
2025-02-27 10:15:16 ,4.530944739999967    ,85981.125
2025-02-27 10:16:19 ,10.11294868999991    ,85927.045
2025-02-27 10:17:22 ,-2.3341015400000344  ,85907.75
2025-02-27 10:18:25 ,28.95386492999998    ,85857.655
2025-02-27 10:19:27 ,29.543511999999893   ,85903.07
2025-02-27 10:20:30 ,5.6344517100000076   ,85934.425
2025-02-27 10:21:33 ,10.670486039999986   ,85876.445
2025-02-27 10:22:37 ,13.784556229999907   ,85859.085
2025-02-27 10:23:39 ,9.863197130000003    ,85906.23
2025-02-27 10:24:42 ,7.5036241499999505   ,85901.91
2025-02-27 10:25:45 ,-7.82369113999998    ,85935.96
2025-02-27 10:26:48 ,14.622342969999977   ,85891.05
2025-02-27 10:27:51 ,-1.9143251599999473  ,86016.755
2025-02-27 10:28:54 ,7.80141215000009     ,85993.995
2025-02-27 10:29:57 ,-1.9030223499998442  ,86081.185
2025-02-27 10:31:00 ,-7.435588249999995   ,86122.935
2025-02-27 10:32:02 ,-8.373430819999868   ,86208.565
2025-02-27 10:33:05 ,-23.454616729999984  ,86229.53
2025-02-27 10:34:08 ,-7.70016650999986    ,86221.795
2025-02-27 10:35:10 ,-1.7334270099999287  ,86165.31
2025-02-27 10:36:13 ,4.018015509999941    ,86119.845
2025-02-27 10:37:16 ,-0.8726102400000002  ,86198.365
2025-02-27 10:38:19 ,-14.807835529999949  ,86226.905
2025-02-27 10:39:21 ,-7.893433999999985   ,86198.425
2025-02-27 10:40:24 ,10.52173557000009    ,86159.81
2025-02-27 10:41:27 ,-9.426950999999946   ,86209.495
2025-02-27 10:42:30 ,0.9085533300000463   ,86232.175
2025-02-27 10:43:33 ,6.062038080000008    ,86234.885
2025-02-27 10:44:36 ,-2.411296440000001   ,86232.225
2025-02-27 10:45:38 ,-1.393172600000014   ,86156.445
2025-02-27 10:46:41 ,-7.982266699999826   ,86163.745
2025-02-27 10:47:44 ,-6.454462909999961   ,86130.52
2025-02-27 10:48:47 ,-1.00852510999988    ,86172.305
2025-02-27 10:49:51 ,-1.8211995900000204  ,86218.265
2025-02-27 10:50:54 ,-1.2968106599999203  ,86145.23
2025-02-27 10:51:57 ,9.197657970000108    ,86141.23
2025-02-27 10:53:00 ,-2.307203690000051   ,86154.54
2025-02-27 10:54:02 ,-5.231468569999947   ,86131.64
2025-02-27 10:55:05 ,-10.028407099999924  ,86107.13
2025-02-27 10:56:07 ,1.965936400000146    ,86052.425
2025-02-27 10:57:10 ,7.637364170000154    ,86016.425
2025-02-27 10:58:13 ,0.24917712000001302  ,86026.46
2025-02-27 10:59:17 ,2.5474985300000696   ,86046.575
2025-02-27 11:00:19 ,-1.9263567899998577  ,86093.765
2025-02-27 11:01:22 ,-0.8296002099998532  ,86064.005
2025-02-27 11:02:25 ,10.835659080000113   ,86023.935
2025-02-27 11:03:27 ,4.504947320000099    ,85997.885
2025-02-27 11:04:32 ,4.395061790000113    ,86078.635
2025-02-27 11:05:34 ,-14.990973759999974  ,86197.28
2025-02-27 11:06:37 ,-0.04967031999981941 ,86259.005
2025-02-27 11:07:40 ,-14.222142679999934  ,86368.875
2025-02-27 11:08:43 ,-6.914859009999901   ,86395.725
2025-02-27 11:09:46 ,-14.028056040000024  ,86391.515
2025-02-27 11:10:50 ,-22.405191239999894  ,86363.155
2025-02-27 11:11:53 ,-16.411634590000205  ,86323.44
2025-02-27 11:12:56 ,6.785795730000018    ,86305.985
2025-02-27 11:13:59 ,10.295086930000053   ,86261.875
2025-02-27 11:15:02 ,-3.4346005700000433  ,86270.755
2025-02-27 11:16:04 ,-12.815975099999832  ,86298.11
2025-02-27 11:17:09 ,-4.15598984999977    ,86280.615
2025-02-27 11:18:12 ,-8.812030999999905   ,86345.39
2025-02-27 11:19:15 ,2.819829989999988    ,86339.515
2025-02-27 11:20:17 ,8.269626810000076    ,86337.305
2025-02-27 11:21:21 ,12.262631690000006   ,86223.88
2025-02-27 11:22:23 ,9.398327660000234    ,86290.355
2025-02-27 11:23:27 ,23.610453060000054   ,86220.195
2025-02-27 11:24:30 ,11.981113630000095   ,86245.665
2025-02-27 11:25:32 ,-0.31725295999981995 ,86263.835
2025-02-27 11:26:35 ,5.456295110000099    ,86285.21
2025-02-27 11:27:38 ,-6.458955069999831   ,86323.265
2025-02-27 11:28:40 ,3.481825130000203    ,86298.585
2025-02-27 11:29:44 ,12.437072240000134   ,86290.765
2025-02-27 11:30:47 ,10.42699757000014    ,86233.545
2025-02-27 11:31:50 ,7.067414519999971    ,86209.965
2025-02-27 11:32:52 ,9.989491230000056    ,86244.215
2025-02-27 11:33:55 ,14.171007570000057   ,86274.765
2025-02-27 11:34:57 ,10.574434040000057   ,86320.615
2025-02-27 11:36:01 ,-1.6635160199998609  ,86325.505
2025-02-27 11:37:04 ,-5.88888822999985    ,86401.045
2025-02-27 11:38:06 ,-0.374862319999977   ,86385.23
2025-02-27 11:39:09 ,7.520841520000175    ,86370.015
2025-02-27 11:40:11 ,9.491732170000063    ,86368.77
2025-02-27 11:41:15 ,5.569817000000228    ,86395.38
2025-02-27 11:42:19 ,5.981061680000153    ,86392.625
2025-02-27 11:43:22 ,-3.588430819999985   ,86370.615
2025-02-27 11:44:24 ,3.3110412899999915   ,86376.875
2025-02-27 11:45:27 ,5.128872889999997    ,86377.09
2025-02-27 11:46:30 ,5.4190877400000375   ,86343.815
2025-02-27 11:47:33 ,5.741934409999999    ,86295.21
2025-02-27 11:48:36 ,2.4150197300000116   ,86367.455
2025-02-27 11:49:39 ,4.07340327           ,86370.005
2025-02-27 11:50:42 ,4.169399030000136    ,86394.0
2025-02-27 11:51:45 ,-3.1423671099998103  ,86433.33
2025-02-27 11:52:48 ,-36.24668049999977   ,86641.54
2025-02-27 11:53:51 ,-17.096716059999807  ,86636.005
2025-02-27 11:54:55 ,-19.39319737999986   ,86692.01
2025-02-27 11:55:58 ,-36.169404119999925  ,86768.045
2025-02-27 11:57:02 ,-49.35402980999993   ,86862.135
2025-02-27 11:58:05 ,-12.601186149999904  ,86758.03
2025-02-27 11:59:08 ,-29.424587039999977  ,86927.675
2025-02-27 12:00:11 ,-13.884132729999891  ,86931.325
2025-02-27 12:01:13 ,-21.90228662999982   ,86885.48
2025-02-27 12:02:18 ,-12.29190278999991   ,86810.92
2025-02-27 12:03:21 ,-2.5672757899998544  ,86804.845
2025-02-27 12:04:24 ,-15.099588519999969  ,86732.05
2025-02-27 12:05:27 ,-12.094917539999784  ,86737.005
2025-02-27 12:06:30 ,-3.096963989999864   ,86779.57
2025-02-27 12:07:33 ,-8.174275060000042   ,86794.125
2025-02-27 12:08:36 ,-16.59751707999999   ,86689.49
2025-02-27 12:09:38 ,-13.0195768399999    ,86670.065
2025-02-27 12:10:42 ,-7.715984129999612   ,86652.755
2025-02-27 12:11:44 ,7.998052680000285    ,86668.605
2025-02-27 12:12:47 ,11.495335020000141   ,86637.035
2025-02-27 12:13:50 ,-17.137073299999884  ,86649.205
2025-02-27 12:14:52 ,-5.8523910599998885  ,86703.885
2025-02-27 12:15:55 ,-15.437459949999749  ,86661.005
2025-02-27 12:16:58 ,-1.70974481999977    ,86594.025
2025-02-27 12:18:01 ,2.676009960000215    ,86647.735
2025-02-27 12:19:04 ,-2.8917960399998606  ,86704.9
2025-02-27 12:20:07 ,-24.831579119999816  ,86810.815
2025-02-27 12:21:10 ,-25.66399171999987   ,86836.325
2025-02-27 12:22:13 ,-17.793217089999928  ,86794.395
2025-02-27 12:23:17 ,2.2533056600000805   ,86727.595
2025-02-27 12:24:21 ,-3.204711689999783   ,86716.305
2025-02-27 12:25:23 ,4.776345070000076    ,86737.555
2025-02-27 12:26:26 ,-0.9905009499997846  ,86731.28
2025-02-27 12:27:30 ,-18.92452969999988   ,86817.885
2025-02-27 12:28:34 ,-20.43784749999989   ,86668.535
2025-02-27 12:29:37 ,27.210540120000104   ,86589.765
2025-02-27 12:30:39 ,32.45295165000013    ,86559.01
2025-02-27 12:31:43 ,0.8240006300002563   ,86582.745
2025-02-27 12:32:46 ,33.50252972000021    ,86462.555
2025-02-27 12:33:48 ,15.431413240000097   ,86506.535
2025-02-27 12:34:51 ,18.50079409000014    ,86459.025
2025-02-27 12:35:55 ,17.38657687000004    ,86466.01
2025-02-27 12:36:58 ,24.793932550000065   ,86461.9
2025-02-27 12:38:03 ,16.64021964000014    ,86436.765
2025-02-27 12:39:06 ,21.055110330000062   ,86436.365
2025-02-27 12:40:09 ,-0.06772301999995989 ,86400.195
2025-02-27 12:41:13 ,4.6657829800001025   ,86425.945
2025-02-27 12:42:16 ,6.798519950000085    ,86428.795
2025-02-27 12:43:19 ,8.888140260000114    ,86449.98
2025-02-27 12:44:23 ,22.30672548000001    ,86436.765
2025-02-27 12:45:27 ,11.992823000000271   ,86456.59
2025-02-27 12:46:30 ,12.969369210000224   ,86512.525
2025-02-27 12:47:33 ,9.943588430000148    ,86550.475
2025-02-27 12:48:39 ,18.579461560000112   ,86506.275
2025-02-27 12:49:42 ,22.052403080000047   ,86424.785
2025-02-27 12:50:45 ,13.23049513000015    ,86351.995
2025-02-27 12:51:48 ,12.293209360000105   ,86410.105
2025-02-27 12:52:53 ,6.04054048000026     ,86472.325
2025-02-27 12:53:59 ,-2.1480805499996904  ,86482.005
2025-02-27 12:55:12 ,2.0373202500003913   ,86486.835
2025-02-27 12:56:15 ,-24.12413910999986   ,86494.66
2025-02-27 12:57:18 ,-26.91817506999986   ,86581.605
2025-02-27 12:58:21 ,-38.79059452999972   ,86664.33
2025-02-27 12:59:24 ,-22.625653179999887  ,86605.22
2025-02-27 13:00:33 ,-15.95161445999969   ,86615.505
2025-02-27 13:01:35 ,-24.01194532999976   ,86578.1
2025-02-27 13:02:38 ,-6.566790239999932   ,86685.58
2025-02-27 13:03:42 ,-7.872388979999698   ,86635.915
2025-02-27 13:04:46 ,3.197623300000174    ,86596.265
2025-02-27 13:05:49 ,3.8214635700002475   ,86577.15
2025-02-27 13:06:52 ,-1.2101344699997867  ,86545.4
2025-02-27 13:07:56 ,1.7099517100001407   ,86419.075
2025-02-27 13:08:58 ,9.071013070000106    ,86329.555
2025-02-27 13:10:01 ,16.824872750000054   ,86360.235
2025-02-27 13:11:04 ,0.016580650000122432 ,86346.56
2025-02-27 13:12:07 ,3.730992600000178    ,86317.365
2025-02-27 13:13:10 ,12.269546720000221   ,86258.015
2025-02-27 13:14:13 ,-11.875222379999826  ,86268.335
2025-02-27 13:15:16 ,4.0701336900001195   ,86293.05
2025-02-27 13:16:20 ,14.700963699999988   ,86212.935
2025-02-27 13:17:23 ,9.431576510000014    ,86224.495
2025-02-27 13:18:25 ,10.055012010000212   ,86210.845
2025-02-27 13:19:28 ,-2.156673809999745   ,86194.39
2025-02-27 13:20:31 ,-7.380223229999785   ,86229.77
2025-02-27 13:21:34 ,-3.8270018999997717  ,86254.095
2025-02-27 13:22:37 ,-5.693581339999838   ,86209.595
2025-02-27 13:23:40 ,-3.060971389999821   ,86249.6
2025-02-27 13:24:43 ,-8.4844566499998     ,86292.75
2025-02-27 13:25:46 ,-5.335125279999886   ,86339.315
2025-02-27 13:26:48 ,-10.398710439999832  ,86287.625
2025-02-27 13:27:52 ,-7.120021719999869   ,86355.485
2025-02-27 13:28:57 ,-8.773678779999841   ,86392.505
2025-02-27 13:30:00 ,-4.929744049999783   ,86405.615
2025-02-27 13:31:03 ,-15.21577145999973   ,86408.115
2025-02-27 13:32:06 ,-10.541572359999833  ,86338.16
2025-02-27 13:33:08 ,-2.2483183099999167  ,86405.12
2025-02-27 13:34:13 ,-9.016374569999854   ,86414.035
2025-02-27 13:35:16 ,21.12626127999995    ,86421.575
2025-02-27 13:36:19 ,12.43401218000011    ,86460.445
2025-02-27 13:37:23 ,-10.713886329999724  ,86449.735
2025-02-27 13:38:25 ,-3.6864916199998277  ,86411.345
2025-02-27 13:39:28 ,-5.669589719999834   ,86395.915
2025-02-27 13:40:31 ,3.380885510000155    ,86438.21
2025-02-27 13:41:34 ,-4.632650809999802   ,86483.475
2025-02-27 13:42:37 ,4.623371750000217    ,86492.065
2025-02-27 13:43:39 ,-3.9883222699997987  ,86573.765
2025-02-27 13:44:42 ,-15.931777809999602  ,86619.325
2025-02-27 13:45:46 ,-1.533405169999753   ,86550.935
2025-02-27 13:46:50 ,-0.7833626099998696  ,86566.805
2025-02-27 13:47:54 ,-10.626865799999791  ,86474.27
2025-02-27 13:48:56 ,-9.080843549999827   ,86471.285
2025-02-27 13:50:00 ,4.770189030000054    ,86504.695
2025-02-27 13:51:02 ,1.0818081200000904   ,86485.805
2025-02-27 13:52:05 ,-0.5496845499998528  ,86460.565
2025-02-27 13:53:09 ,8.935390900000073    ,86392.195
2025-02-27 13:54:13 ,13.76287559000005    ,86357.885
2025-02-27 13:55:15 ,17.661743500000128   ,86316.86
2025-02-27 13:56:18 ,22.69731096999999    ,86294.5
2025-02-27 13:57:21 ,34.60754068000011    ,86212.925
2025-02-27 13:58:24 ,17.973895030000136   ,86231.545
2025-02-27 13:59:26 ,18.611441630000087   ,86230.505
2025-02-27 14:00:29 ,16.512542900000213   ,86249.705
2025-02-27 14:01:32 ,10.240174880000268   ,86295.395
2025-02-27 14:02:35 ,11.812776270000228   ,86269.91
2025-02-27 14:03:38 ,13.941896380000202   ,86313.585
2025-02-27 14:04:41 ,18.474929230000072   ,86267.295
2025-02-27 14:05:44 ,23.183057000000133   ,86256.955
2025-02-27 14:06:47 ,45.28587157000021    ,86201.48
2025-02-27 14:07:50 ,29.644250420000134   ,86192.325
2025-02-27 14:08:53 ,23.737458710000112   ,86220.085
2025-02-27 14:09:55 ,19.401774890000112   ,86278.305
2025-02-27 14:10:58 ,10.343618230000118   ,86300.445
2025-02-27 14:12:01 ,7.798314280000042    ,86325.795
2025-02-27 14:13:05 ,25.219843150000116   ,86327.925
2025-02-27 14:14:08 ,8.668737820000047    ,86333.335
2025-02-27 14:15:11 ,22.029806810000053   ,86365.69
2025-02-27 14:16:14 ,6.18262368000012     ,86394.665
2025-02-27 14:17:17 ,20.112250760000137   ,86436.635
2025-02-27 14:18:19 ,15.932251389999976   ,86407.81
2025-02-27 14:19:22 ,14.256950130000178   ,86427.215
2025-02-27 14:20:26 ,33.3615814100001     ,86274.745
2025-02-27 14:21:29 ,13.575114350000291   ,86375.175
2025-02-27 14:22:33 ,29.926396240000344   ,86323.9
2025-02-27 14:23:37 ,39.13492405000032    ,86203.29
2025-02-27 14:24:39 ,41.37991667000027    ,86187.815
2025-02-27 14:25:43 ,16.2405648900002     ,86263.875
2025-02-27 14:26:46 ,19.061126670000306   ,86263.835
2025-02-27 14:27:52 ,19.255401570000174   ,86310.095
2025-02-27 14:29:01 ,-0.25524683999984177 ,86404.415
2025-02-27 14:30:04 ,4.790967679999959    ,86372.475
2025-02-27 14:31:07 ,4.720841040000124    ,86438.235
2025-02-27 14:32:10 ,-7.807838299999787   ,86332.92
2025-02-27 14:33:13 ,54.971920520000154   ,86151.51
2025-02-27 14:34:16 ,58.14679029000007    ,86043.54
2025-02-27 14:35:18 ,44.83192235000007    ,86072.59
2025-02-27 14:36:23 ,19.114356290000046   ,86008.535
2025-02-27 14:37:25 ,11.63800101999999    ,86144.27
2025-02-27 14:38:29 ,-8.004807179999858   ,86446.275
2025-02-27 14:39:32 ,-3.6134880599999804  ,86509.81
2025-02-27 14:40:35 ,28.99418582          ,86537.075
2025-02-27 14:41:38 ,18.079851560000037   ,86462.51
2025-02-27 14:42:42 ,42.06511146000015    ,86393.58
2025-02-27 14:43:45 ,17.57303561000012    ,86519.375
2025-02-27 14:44:47 ,8.116717000000136    ,86513.835
2025-02-27 14:45:51 ,15.211738630000227   ,86591.805
2025-02-27 14:46:54 ,66.1048607900001     ,86363.825
2025-02-27 14:47:57 ,73.32995950000004    ,86237.77
2025-02-27 14:49:01 ,62.63846101000007    ,86119.305
2025-02-27 14:50:03 ,55.64343708000014    ,86062.525
2025-02-27 14:51:07 ,53.96498223999984    ,85765.37
2025-02-27 14:52:10 ,27.80377156000003    ,85901.32
2025-02-27 14:53:13 ,25.108637459999997   ,86003.63
2025-02-27 14:54:16 ,23.988431899999853   ,85962.385
2025-02-27 14:55:19 ,11.166576470000138   ,85987.62
2025-02-27 14:56:22 ,22.250932790000093   ,86083.695
2025-02-27 14:57:25 ,21.663679760000065   ,85999.975
2025-02-27 14:58:28 ,25.499129979999992   ,85970.37
2025-02-27 14:59:32 ,22.36995077000003    ,86042.485
2025-02-27 15:00:35 ,5.93602374000011     ,86110.39
2025-02-27 15:01:38 ,9.813952030000053    ,86156.625
2025-02-27 15:02:42 ,24.572170990000274   ,86268.365
2025-02-27 15:03:44 ,24.44528706000004    ,86145.08
2025-02-27 15:04:48 ,21.500496420000133   ,86169.145
2025-02-27 15:05:51 ,25.505880539999993   ,86035.075
2025-02-27 15:06:54 ,54.76374722999995    ,85949.215
2025-02-27 15:07:56 ,35.488402089999965   ,86073.875
2025-02-27 15:08:59 ,7.11713088999997     ,86207.86
2025-02-27 15:10:02 ,7.545193080000018    ,86112.465
2025-02-27 15:11:05 ,36.53146904999997    ,86024.6
2025-02-27 15:12:08 ,31.425079379999943   ,86094.86
2025-02-27 15:13:11 ,35.064777790000036   ,86149.63
2025-02-27 15:14:14 ,38.82263787000002    ,85971.27
2025-02-27 15:15:17 ,46.60768518000003    ,86009.06
2025-02-27 15:16:21 ,37.1776858299998     ,85969.56
2025-02-27 15:17:24 ,87.68358358999997    ,85796.125
2025-02-27 15:18:27 ,95.38608617999985    ,85520.005
2025-02-27 15:19:30 ,66.98158332999998    ,85566.47
2025-02-27 15:20:32 ,59.57023619          ,85589.675
2025-02-27 15:21:35 ,39.44807766000022    ,85562.65
2025-02-27 15:22:38 ,37.9862909900001     ,85590.58
2025-02-27 15:23:42 ,30.116828879999815   ,85720.885
2025-02-27 15:24:45 ,38.94186987000019    ,85796.325
2025-02-27 15:25:49 ,48.72053436000013    ,85837.4
2025-02-27 15:26:52 ,37.3970237100002     ,85843.41
2025-02-27 15:27:54 ,48.78661067999995    ,85911.64
2025-02-27 15:28:57 ,4.024735259999964    ,86112.37
2025-02-27 15:30:00 ,32.31827837999997    ,86277.33
2025-02-27 15:31:03 ,4.556339560000055    ,86286.275
2025-02-27 15:32:07 ,29.5767241100001     ,86076.235
2025-02-27 15:33:10 ,32.46712318000017    ,86164.87
2025-02-27 15:34:12 ,40.101012070000166   ,86166.26
2025-02-27 15:35:15 ,10.834311340000227   ,86115.73
2025-02-27 15:36:18 ,1.169881510000124    ,86218.48
2025-02-27 15:37:20 ,25.660527360000245   ,86194.085
2025-02-27 15:38:23 ,49.66938241999996    ,85870.27
2025-02-27 15:39:26 ,28.271694649999986   ,85874.535
2025-02-27 15:40:29 ,55.55329113999986    ,85769.57
2025-02-27 15:41:31 ,56.25107956999983    ,85748.375
2025-02-27 15:42:34 ,91.75881286999999    ,85454.425
2025-02-27 15:43:37 ,49.32464477000005    ,85393.43
2025-02-27 15:44:40 ,33.34456275000015    ,85419.655
2025-02-27 15:45:43 ,27.93340052000019    ,85545.37
2025-02-27 15:46:46 ,9.486411820000228    ,85690.21
2025-02-27 15:47:49 ,35.443960930000245   ,85554.59
2025-02-27 15:48:52 ,55.63644422000006    ,85289.71
2025-02-27 15:49:55 ,72.57438017          ,85309.355
2025-02-27 15:50:57 ,42.27839762000008    ,85265.925
2025-02-27 15:52:00 ,29.29112998000008    ,85428.64
2025-02-27 15:53:02 ,6.770221109999937    ,85484.325
2025-02-27 15:54:06 ,29.482215910000093   ,85305.985
2025-02-27 15:55:09 ,53.94426265          ,85098.695
2025-02-27 15:56:12 ,58.06698430999995    ,85125.175
2025-02-27 15:57:15 ,38.454799019999925   ,84974.195
2025-02-27 15:58:18 ,26.095229189999927   ,84951.01
2025-02-27 15:59:22 ,38.658833739999835   ,85043.255
2025-02-27 16:00:25 ,15.87043173000012    ,85015.375
2025-02-27 16:01:28 ,103.9581597699998    ,84722.995
2025-02-27 16:02:31 ,55.979343869999994   ,84785.985
2025-02-27 16:03:34 ,31.924111419999875   ,84693.51
2025-02-27 16:04:36 ,-0.4794892500002561  ,84653.185
2025-02-27 16:05:40 ,-30.586781000000045  ,85104.06
2025-02-27 16:06:43 ,-18.076281149999957  ,85176.97
2025-02-27 16:07:45 ,19.556650289999922   ,85022.895
2025-02-27 16:08:49 ,14.507422049999946   ,84960.47
2025-02-27 16:09:52 ,37.906141249999976   ,84995.92
2025-02-27 16:10:55 ,-22.87722650000005   ,85118.11
2025-02-27 16:11:57 ,-7.8608642499999775  ,85344.89
2025-02-27 16:13:00 ,-23.760678599999935  ,85315.28
2025-02-27 16:14:03 ,6.997352040000052    ,85391.865
2025-02-27 16:15:06 ,15.08054677999992    ,85208.77
2025-02-27 16:16:09 ,-32.606365170000046  ,85372.615
2025-02-27 16:17:12 ,1.367372060000008    ,85453.12
2025-02-27 16:18:16 ,3.3622914699999598   ,85273.77
2025-02-27 16:19:19 ,-39.57578149999999   ,85437.98
2025-02-27 16:20:23 ,-5.4027671199999645  ,85419.52
2025-02-27 16:21:25 ,12.446318510000054   ,85248.805
2025-02-27 16:22:29 ,-19.369738959999978  ,85481.885
2025-02-27 16:23:32 ,-11.734623509999977  ,85624.725
2025-02-27 16:24:36 ,-22.840074699999903  ,85673.715
2025-02-27 16:25:40 ,0.2826507300000429   ,85461.155
2025-02-27 16:26:42 ,27.128781340000003   ,85468.04
2025-02-27 16:27:45 ,20.778620749999945   ,85478.285
2025-02-27 16:28:48 ,-27.60672337999989   ,85608.48
2025-02-27 16:29:51 ,-5.505049429999957   ,85649.995
2025-02-27 16:30:54 ,20.35497778999995    ,85511.025
2025-02-27 16:31:57 ,4.434837780000095    ,85438.685
2025-02-27 16:32:59 ,27.838593980000013   ,85396.72
2025-02-27 16:34:03 ,14.596260369999754   ,85440.49
2025-02-27 16:35:06 ,-23.38758500000003   ,85496.63
2025-02-27 16:36:08 ,-19.007583209999865  ,85394.485
2025-02-27 16:37:11 ,12.786508700000098   ,85441.06
2025-02-27 16:38:14 ,12.90157676999992    ,85515.075
2025-02-27 16:39:17 ,-26.61806078999986   ,85867.88
2025-02-27 16:40:20 ,-18.563619509999924  ,85872.365
2025-02-27 16:41:24 ,-2.526320129999874   ,85709.12
2025-02-27 16:42:27 ,-0.20144023999995397 ,85770.45
2025-02-27 16:43:30 ,8.39565954000004     ,85699.285
2025-02-27 16:44:33 ,11.026810920000116   ,85750.845
2025-02-27 16:45:35 ,-18.089372909999838  ,85592.54
2025-02-27 16:46:40 ,-33.8685578299998    ,85606.4
2025-02-27 16:47:43 ,-23.47903995999991   ,85809.275
2025-02-27 16:48:45 ,-24.650285359999913  ,85762.32
2025-02-27 16:49:48 ,-16.81505580000001   ,85720.245
2025-02-27 16:50:51 ,-15.388927869999804  ,85710.235
2025-02-27 16:51:55 ,-20.760094959999805  ,85702.765
2025-02-27 16:52:58 ,14.11593661000029    ,85613.6
2025-02-27 16:54:01 ,-16.751351389999684  ,85595.055
2025-02-27 16:55:04 ,-32.47510357999981   ,85511.38
2025-02-27 16:56:07 ,-14.109787519999799  ,85526.595
2025-02-27 16:57:10 ,-22.4098165099997    ,85569.985
2025-02-27 16:58:14 ,-16.46041494999986   ,85633.61
2025-02-27 16:59:17 ,-13.375462399999833  ,85503.085
2025-02-27 17:00:25 ,-14.491196010000039  ,85458.225
2025-02-27 17:01:27 ,-36.51262395999976   ,85565.43
2025-02-27 17:02:30 ,-31.402980599999864  ,85510.12
2025-02-27 17:03:33 ,-28.81210451999972   ,85555.85
2025-02-27 17:04:36 ,-19.572569439999796  ,85466.815
2025-02-27 17:05:42 ,-40.60213120999964   ,85597.775
2025-02-27 17:06:46 ,15.185325099999986   ,85541.805
2025-02-27 17:07:50 ,-7.971635999999876   ,85465.75
2025-02-27 17:08:53 ,-31.174371079999943  ,85423.695
2025-02-27 17:09:56 ,-16.645516499999843  ,85462.705
2025-02-27 17:10:59 ,-40.50734541999972   ,85430.99
2025-02-27 17:12:01 ,-42.663959229999776  ,85457.66
2025-02-27 17:13:04 ,-33.21483542999968   ,85461.37
2025-02-27 17:14:06 ,-40.19814652999975   ,85485.555
2025-02-27 17:15:09 ,-7.6228423499999     ,85485.355
2025-02-27 17:16:12 ,-40.26135715999982   ,85485.27
2025-02-27 17:17:15 ,-17.422279409999817  ,85543.89
2025-02-27 17:18:17 ,-26.238078879999975  ,85399.05
2025-02-27 17:19:20 ,-20.60977134000001   ,85408.605
2025-02-27 17:20:23 ,-5.114374219999945   ,85317.67
2025-02-27 17:21:26 ,-17.381910519999877  ,85308.565
2025-02-27 17:22:30 ,28.16021510000003    ,85214.005
2025-02-27 17:23:33 ,3.3474936199999945   ,85137.42
2025-02-27 17:24:36 ,7.663356119999946    ,85192.53
2025-02-27 17:25:42 ,-12.758028870000174  ,85091.17
2025-02-27 17:26:45 ,1.9081185399999185   ,84911.975
2025-02-27 17:27:48 ,82.56646108999963    ,84844.645
2025-02-27 17:28:51 ,28.12299161999954    ,84757.375
2025-02-27 17:29:54 ,41.54173519999986    ,84805.515
2025-02-27 17:30:58 ,11.298042790000025   ,84899.52
2025-02-27 17:32:02 ,8.601980499999968    ,84890.095
2025-02-27 17:33:06 ,50.70761763999978    ,84721.975
2025-02-27 17:34:09 ,39.41057522999978    ,84791.605
2025-02-27 17:35:13 ,29.604879219999816   ,84795.4
2025-02-27 17:36:17 ,46.26658516999967    ,84700.755
2025-02-27 17:37:20 ,36.76879590999965    ,84572.89
2025-02-27 17:38:25 ,24.25428247999966    ,84688.385
2025-02-27 17:39:29 ,23.04332909999988    ,84649.47
2025-02-27 17:40:32 ,20.128067529999953   ,84811.55
2025-02-27 17:41:34 ,16.08183512000005    ,84826.18
2025-02-27 17:42:37 ,-0.7582525599999599  ,84818.495
2025-02-27 17:43:40 ,-24.284532670000004  ,84915.835
2025-02-27 17:44:43 ,-7.268106870000139   ,84890.515
2025-02-27 17:45:46 ,-9.335545529999962   ,84895.105
2025-02-27 17:46:49 ,-23.50827362000001   ,84885.67
2025-02-27 17:47:53 ,2.870257239999887    ,84941.995
2025-02-27 17:48:55 ,2.3383260200000677   ,84904.875
2025-02-27 17:49:59 ,13.73757471999997    ,84848.98
2025-02-27 17:51:03 ,15.616388549999812   ,84731.35
2025-02-27 17:52:07 ,62.22978381000007    ,84491.58
2025-02-27 17:53:10 ,29.452048970000135   ,84409.83
2025-02-27 17:54:13 ,8.291364439999995    ,84420.975
2025-02-27 17:55:16 ,19.172415909999614   ,84446.795
2025-02-27 17:56:18 ,4.471924059999992    ,84531.855
2025-02-27 17:57:21 ,10.118860150000188   ,84461.01
2025-02-27 17:58:25 ,10.180615600000152   ,84371.95
2025-02-27 17:59:28 ,-2.3824293799998486  ,84336.875
2025-02-27 18:00:30 ,9.576099630000272    ,84306.155
2025-02-27 18:01:33 ,11.248141800000212   ,84396.71
2025-02-27 18:02:37 ,31.588564659999832   ,84379.705
2025-02-27 18:03:40 ,1.97512076000001     ,84536.38
2025-02-27 18:04:42 ,16.444262329999873   ,84483.43
2025-02-27 18:05:45 ,13.445760520000192   ,84439.745
2025-02-27 18:06:47 ,17.58828716000008    ,84459.18
2025-02-27 18:07:51 ,9.068209119999779    ,84542.26
2025-02-27 18:08:54 ,-9.985091620000105   ,84581.475
2025-02-27 18:09:57 ,16.489307959999934   ,84409.925
2025-02-27 18:11:01 ,15.718154450000156   ,84390.47
2025-02-27 18:12:04 ,23.225092289999793   ,84475.165
2025-02-27 18:13:08 ,5.075336340000064    ,84641.945
2025-02-27 18:14:10 ,-11.28765606000033   ,84562.595
2025-02-27 18:15:13 ,-2.2334156300002803  ,84549.265
2025-02-27 18:16:16 ,4.45213110999984     ,84494.5
2025-02-27 18:17:18 ,-1.2909226000000444  ,84388.2
2025-02-27 18:18:21 ,9.206413879999786    ,84589.415
2025-02-27 18:19:24 ,6.747353349999969    ,84617.275
2025-02-27 18:20:27 ,26.858682750000156   ,84445.265
2025-02-27 18:21:30 ,10.703831259999788   ,84436.375
    
