2025-02-22 09:46:04.494135,252.222515279998,96166.495
2025-02-22 09:47:08.883537,246.003675229997,96168.27
2025-02-22 09:48:14.289576,254.5282142699976,96149.075
2025-02-22 09:49:18.726576,249.519799869998,96142.505
2025-02-22 09:50:23.688517,253.82238667999763,96173.775
2025-02-22 09:51:27.382570,255.18756334999722,96171.555
2025-02-22 09:52:31.157997,260.4351168699967,96188.975
2025-02-22 09:53:35.085297,254.63974962999737,96139.405
2025-02-22 09:54:39.564856,252.76786046999706,96186.105
2025-02-22 09:55:44.070353,232.41118083999726,96173.225
2025-02-22 09:56:47.967780,261.03038238999744,96165.355
2025-02-22 09:57:54.833098,221.20447314999774,96232.185
2025-02-22 09:59:00.720340,226.23691257999735,96264.355
2025-02-22 10:00:05.258636,232.78122163999717,96196.885
2025-02-22 10:01:09.950532,226.137386299997,96218.055
2025-02-22 10:02:15.229870,221.40174993999744,96271.3
2025-02-22 10:03:19.193299,217.79838141999704,96235.555
2025-02-22 10:04:24.113829,245.7144797799969,96138.405
2025-02-22 10:05:28.485444,221.08045283999792,96194.575
2025-02-22 10:06:40.386282,157.56379354999814,96246.045
2025-02-22 10:22:48.237608,147.29788636999723,96363.705
2025-02-22 10:32:17.752221,156.15208118999675,96383.88
2025-02-22 10:34:48.014817,160.1967628499957,96403.445
2025-02-22 10:35:52.151941,160.38126577999662,96392.565
2025-02-22 11:06:52.337127,126.54006939999653,96458.495
2025-02-22 11:22:53.400789,123.59251660999695,96491.685
2025-02-22 11:38:55.754990,122.75867740999627,96477.255
2025-02-22 11:54:58.365826,121.07404253999658,96467.355
2025-02-22 11:56:37.671209,122.99166516999696,96460.72
2025-02-22 11:57:42.238448,119.09072790999647,96471.495
2025-02-22 11:58:45.755467,118.54162747999658,96489.725
2025-02-22 11:59:49.727325,118.31682766999683,96487.515
2025-02-22 12:00:53.478631,124.75064298999655,96488.335
2025-02-22 12:01:57.987476,106.1874034499968,96500.955
2025-02-22 12:03:02.394163,126.92449564999674,96501.355
2025-02-22 12:04:06.411876,124.5657691499967,96525.565
2025-02-22 12:05:10.445308,119.38919644999669,96517.485
2025-02-22 12:06:14.218138,119.40592779999685,96535.745
2025-02-22 12:07:18.602608,122.87089276999706,96556.585
2025-02-22 12:08:22.441710,120.39557514999666,96540.395
2025-02-22 12:09:26.243820,120.59595051999673,96541.38
2025-02-22 12:10:31.185602,123.17685646999661,96495.755
2025-02-22 12:11:36.270785,123.64525726999676,96507.135
2025-02-22 12:12:40.717438,120.59138670999658,96503.525
2025-02-22 12:13:44.376184,122.32207358999688,96496.315
2025-02-22 12:14:48.540714,118.71033761999638,96535.155
2025-02-22 12:15:52.425796,134.17096479999583,96525.105
2025-02-22 12:22:01.776144,113.80836461999667,96516.535
2025-02-22 12:26:37.732776,123.7608493799965,96552.835
2025-02-22 12:32:40.818118,120.00034758999618,96497.635
2025-02-22 12:35:46.338049,117.38181271999821,96550.03
2025-02-22 12:46:47.206123,146.05366265999788,96581.22
2025-02-22 13:03:04.375113,163.04431444999557,96599.545
2025-02-22 13:11:55.981308,143.08768929999576,96633.125
2025-02-22 13:12:59.899546,147.52929757999595,96637.105
2025-02-22 13:14:03.699417,148.90735553999605,96627.835
2025-02-22 13:15:08.751862,143.9556442099955,96645.025
2025-02-22 13:16:13.071206,138.71800784999562,96666.235
2025-02-22 13:17:17.415049,130.2971439499956,96692.305
2025-02-22 13:18:21.534293,127.2412243699955,96701.615
2025-02-22 13:19:25.561671,133.9479399799954,96690.68
2025-02-22 13:20:30.655752,148.27863117999533,96638.685
2025-02-22 13:21:36.329850,142.24864911999526,96619.575
2025-02-22 13:22:41.380249,142.16443105999502,96598.785
2025-02-22 13:23:45.546345,148.33980519999528,96587.245
2025-02-22 13:24:50.444230,159.52845948999493,96578.315
2025-02-22 13:25:56.057486,152.64762477999528,96586.355
2025-02-22 13:27:00.352103,151.32845482999522,96594.915
2025-02-22 13:28:05.305931,140.34715748999605,96592.925
2025-02-22 13:29:10.479751,160.68613081999518,96600.785
2025-02-22 13:30:15.772073,151.25969154999524,96605.855
2025-02-22 13:31:20.064023,152.87980026999531,96638.475
2025-02-22 13:32:24.619675,148.65889836999537,96652.155
2025-02-22 13:33:28.644215,148.51070701999555,96634.955
2025-02-22 13:34:32.689621,117.82325463999553,96731.175
2025-02-22 13:35:37.542901,118.53296112999487,96722.385
2025-02-22 13:36:42.285261,119.04634367999483,96729.995
2025-02-22 13:37:46.146044,121.43265657999456,96731.865
2025-02-22 13:38:51.164069,130.45902613999516,96694.975
2025-02-22 13:39:55.244568,128.03409543999544,96766.81
2025-02-22 13:40:59.245852,126.95844539999507,96745.485
2025-02-22 13:42:05.072674,123.83105353999525,96768.575
2025-02-22 13:43:09.092367,138.63667264999475,96741.965
2025-02-22 13:44:13.632134,131.53777439999493,96746.665
2025-02-22 13:45:17.574614,124.77216182999496,96713.185
2025-02-22 13:46:23.163831,139.1846251099945,96713.345
2025-02-22 13:47:27.234197,123.97637983999482,96731.555
2025-02-22 13:48:31.306882,124.33124050999447,96768.775
2025-02-22 13:49:35.790362,121.91409502999494,96750.145
2025-02-22 13:50:39.849145,132.44620213999485,96761.885
2025-02-22 13:51:43.632683,119.6204866399944,96745.045
2025-02-22 13:52:48.831762,45.67926935999526,96812.03
2025-02-22 13:53:53.952141,108.95259736999537,96871.415
2025-02-22 13:54:58.407963,82.01476596999635,96885.345
2025-02-22 13:56:01.944868,4.613619119996201,96964.325
2025-02-22 13:57:06.587930,22.90495027999623,96848.735
2025-02-22 13:58:10.931586,79.82102495999641,96848.705
2025-02-22 13:59:15.816448,84.13324084999647,96831.195
2025-02-22 14:00:19.765213,85.21534832999612,96809.065
2025-02-22 14:01:23.598882,20.065773989996387,96854.465
2025-02-22 14:02:27.490129,85.90046062999647,96850.605
2025-02-22 14:03:31.156346,20.75961801999631,96821.705
2025-02-22 14:04:36.560973,22.894459599996026,96854.845
2025-02-22 14:05:40.747972,28.34715274999644,96856.185
2025-02-22 14:06:46.222009,12.6324036099968,96857.625
2025-02-22 14:07:51.374307,18.732776869996428,96849.655
2025-02-22 14:08:55.399778,17.934850959996652,96849.105
2025-02-22 14:09:59.356899,89.35658319999675,96834.545
2025-02-22 14:11:03.246101,103.40332125999657,96776.005
2025-02-22 14:25:09.207168,93.77122618999692,96807.735
2025-02-22 14:36:36.438493,123.6145323799966,96664.64
2025-02-22 14:37:40.440123,121.1902419399969,96609.305
2025-02-22 14:38:44.278745,125.71417451999667,96600.315
2025-02-22 14:39:47.957982,130.267290169996,96624.855
2025-02-22 14:40:51.632483,126.21927621999635,96658.78
2025-02-22 14:41:55.533857,131.20526928999635,96653.875
2025-02-22 14:48:51.203920,123.13637059999536,96707.51
2025-02-22 14:49:56.260344,123.05947306999519,96726.025
2025-02-22 14:56:35.362062,156.59569584999605,96594.485
2025-02-22 15:10:45.507292,115.38271934999591,96664.645
2025-02-22 15:13:45.689943,116.23859856999559,96618.395
2025-02-22 15:14:50.719628,115.92331981999564,96604.465
2025-02-22 15:15:55.548542,124.60177204999547,96617.785
2025-02-22 15:16:59.862513,119.17642281999565,96642.935
2025-02-22 15:18:03.885555,110.80281266999634,96614.075
2025-02-22 15:19:07.709410,111.17762030999666,96666.985
2025-02-22 15:20:12.736872,108.08945107999648,96665.275
2025-02-22 15:21:17.566584,91.69979186999558,96703.315
2025-02-22 15:22:21.692070,86.68895514999599,96708.275
2025-02-22 15:23:26.316169,92.54813026999625,96681.485
2025-02-22 15:24:30.204579,83.54147524999632,96677.965
2025-02-22 15:25:34.999639,80.85453016999611,96695.955
2025-02-22 15:26:38.687375,110.0363130799966,96676.845
2025-02-22 15:27:42.742206,121.04469705999588,96632.515
2025-02-22 15:28:46.862608,116.06150472999582,96637.415
2025-02-22 15:29:50.824711,112.65406907999602,96646.89
2025-02-22 15:30:54.861732,87.2417029299969,96677.315
2025-02-22 15:31:58.864787,84.01797452999631,96669.65
2025-02-22 15:33:03.745927,118.71929558999591,96654.72
2025-02-22 15:34:07.812515,114.49164217999623,96601.835
2025-02-22 15:35:12.708956,122.67519115999573,96553.295
2025-02-22 15:36:17.004988,116.27796524999576,96546.735
2025-02-22 15:37:21.795340,124.55998957999589,96581.345
2025-02-22 15:38:25.895578,121.55456500999571,96591.885
2025-02-22 15:39:29.666139,113.99300734999679,96580.625
2025-02-22 15:40:34.132525,113.03714833999607,96588.725
2025-02-22 15:41:37.728588,121.52558958999566,96572.715
2025-02-22 15:42:42.037645,124.19932417999564,96557.985
2025-02-22 15:43:46.938281,121.86523926999598,96580.685
2025-02-22 15:44:51.277779,126.83496407999553,96595.89
2025-02-22 15:45:55.486495,113.40900180999631,96625.575
2025-02-22 15:46:59.741790,117.16881278999654,96604.465
2025-02-22 15:48:03.579346,114.56161913999551,96620.63
2025-02-22 15:49:07.764930,115.02167005999638,96595.425
2025-02-22 15:50:12.109843,117.75322397999571,96577.145
2025-02-22 15:51:16.651985,110.98546164999686,96561.205
2025-02-22 15:52:21.186494,117.64194791999626,96556.255
2025-02-22 15:53:26.572378,120.9541889599958,96556.045
2025-02-22 15:54:31.000022,120.77007953999589,96537.845
2025-02-22 15:55:35.096971,104.15899554999658,96535.695
2025-02-22 15:56:39.138631,108.76188346999629,96538.03
2025-02-22 15:57:43.893597,117.00106306999601,96539.435
2025-02-22 15:58:47.512907,110.88415944999599,96554.555
2025-02-22 15:59:52.013239,117.1757725099958,96532.145
2025-02-22 16:00:56.238256,110.81464438999626,96545.635
2025-02-22 16:02:00.644691,117.25000206999641,96604.645
2025-02-22 16:03:04.963689,116.1941704099961,96585.935
2025-02-22 16:04:09.778878,107.51869321999618,96590.865
2025-02-22 16:05:13.773483,117.02647215999582,96602.715
2025-02-22 16:06:19.188977,113.31021478999628,96612.455
2025-02-22 16:07:23.106646,108.63074127999607,96613.625
2025-02-22 16:08:28.257204,115.26873036999632,96624.965
2025-02-22 16:09:31.741053,109.99181440999621,96623.045
2025-02-22 16:10:35.750262,114.97237207999649,96644.725
2025-02-22 16:11:40.648761,107.50940950999666,96612.605
2025-02-22 16:12:45.054178,112.72182112999656,96613.565
2025-02-22 16:13:49.522526,110.64344815999664,96597.49
2025-02-22 16:14:53.232004,106.17035840999654,96597.45
2025-02-22 16:15:58.182569,117.21896675999619,96606.475
2025-02-22 16:17:03.704826,113.0876897999965,96607.665
2025-02-22 16:33:06.424686,99.9675854999972,96535.325
2025-02-22 16:35:36.516196,103.51160784999695,96538.395
2025-02-22 16:40:36.880388,106.23640527999669,96536.975
2025-02-22 16:41:41.318944,97.36959209999748,96574.39
2025-02-22 16:42:46.100502,106.5616177899966,96551.015
2025-02-22 16:43:50.138248,96.3908613999979,96533.475
2025-02-22 16:44:54.603881,96.08099312999752,96533.35
2025-02-22 16:45:58.922213,91.58631282999784,96586.965
2025-02-22 16:47:03.673882,93.897146599998,96587.845
2025-02-22 16:48:07.321934,92.2847051199974,96590.39
2025-02-22 16:49:11.446089,70.17592764999836,96667.065
2025-02-22 16:50:15.520253,89.87912513999788,96638.945
2025-02-22 16:51:19.467007,63.6272155399987,96614.865
2025-02-22 16:52:24.526126,94.30475592999755,96660.985
2025-02-22 16:53:28.518869,98.15633339999738,96663.365
2025-02-22 16:54:32.656703,82.30821532999778,96666.225
2025-02-22 16:55:36.694477,90.2486204199979,96633.375
2025-02-22 16:56:41.218476,56.73638448999759,96679.91
2025-02-22 16:57:45.641284,82.54088819999697,96676.335
2025-02-22 16:58:51.079315,107.41606122999622,96632.265
2025-02-22 16:59:55.303310,99.49970559999701,96594.615
2025-02-22 17:01:04.057010,55.62039513999832,96699.11
2025-02-22 17:02:07.863379,56.12174541999798,96703.505
2025-02-22 17:03:12.529108,50.69895930999894,96687.745
2025-02-22 17:04:16.646546,57.049609609998015,96714.415
2025-02-22 17:05:21.402345,52.816224029998466,96708.255
2025-02-22 17:06:26.155177,61.382271579997905,96728.295
2025-02-22 17:07:30.220119,50.41543978999846,96772.755
2025-02-22 17:08:34.479434,48.431625869998356,96789.18
2025-02-22 17:09:40.078303,45.95111858999769,96728.305
2025-02-22 17:10:46.376959,48.58828312999856,96758.705
2025-02-22 17:11:51.129777,48.95490044999792,96736.115
2025-02-22 17:12:56.311756,53.828533509998124,96701.185
2025-02-22 17:14:01.353709,64.25914491999765,96707.48
2025-02-22 17:15:06.460344,43.7424622199992,96734.995
2025-02-22 17:16:10.735588,51.58907645999818,96757.88
2025-02-22 17:17:14.857386,55.20518297999831,96791.335
2025-02-22 17:18:20.377768,49.85481952999794,96789.16
2025-02-22 17:19:24.436518,59.850322659998255,96758.395
2025-02-22 17:20:28.667200,59.007603669997934,96769.685
2025-02-22 17:21:32.798660,61.527802689997884,96762.675
2025-02-22 17:22:38.387376,52.96911600999863,96758.585
2025-02-22 17:23:43.107774,59.14458849999767,96765.27
2025-02-22 17:24:47.344754,64.0420088399976,96778.165
2025-02-22 17:25:51.750448,71.97510831999739,96733.39
2025-02-22 17:26:56.132937,70.68046631999755,96726.645
2025-02-22 17:28:00.272840,72.0331252899972,96695.575
2025-02-22 17:29:05.602940,73.00055450999741,96688.795
2025-02-22 17:30:09.729836,71.38312308999775,96730.705
2025-02-22 17:31:14.776858,85.05379148999702,96700.69
2025-02-22 17:32:18.945635,79.92984596999713,96661.425
2025-02-22 17:33:24.643839,93.8929710899971,96692.05
2025-02-22 17:34:28.824023,69.47667354999749,96652.555
2025-02-22 17:35:33.197315,85.826823099997,96692.875
2025-02-22 17:36:38.857486,70.91231351999716,96717.07
2025-02-22 17:37:43.955782,109.35994053999696,96660.975
2025-02-22 17:38:49.384950,90.54731097999718,96686.61
2025-02-22 17:39:53.695844,97.03889902999776,96666.135
2025-02-22 17:40:58.761949,100.04194394999774,96647.265
2025-02-22 17:42:02.942246,109.42721338999718,96666.865
2025-02-22 17:43:08.194867,110.98422317999723,96655.495
2025-02-22 17:44:12.446735,113.69002581999712,96664.055
2025-02-22 17:45:17.140113,110.65681255999709,96642.635
2025-02-22 17:46:21.263243,85.58122023999749,96677.615
2025-02-22 17:47:25.275912,109.96531986999696,96654.535
2025-02-22 17:48:29.822876,108.00268836999692,96624.305
2025-02-22 17:49:34.656421,112.50400777999732,96651.135
2025-02-22 17:50:38.628095,111.34489170999734,96651.395
2025-02-22 17:51:42.628029,114.16725933999703,96664.255
2025-02-22 17:52:47.190079,109.15437563999728,96675.74
2025-02-22 17:53:52.133290,109.26497638999729,96657.785
2025-02-22 17:54:55.939448,111.25390207999715,96647.07
2025-02-22 17:56:00.056116,110.11504150999713,96624.565
2025-02-22 17:57:03.754558,122.59202133999679,96626.195
2025-02-22 17:58:08.796921,128.66607615999635,96574.995
2025-02-22 17:59:12.978947,117.75994996999668,96529.65
2025-02-22 18:00:17.519683,122.46457899999598,96506.96
2025-02-22 18:01:22.789114,103.23333809999644,96519.805
2025-02-22 18:02:26.874955,102.3838761499967,96511.09
2025-02-22 18:03:32.238763,120.2413470399963,96517.675
2025-02-22 18:04:36.573345,117.46585697999672,96497.685
2025-02-22 18:05:40.479575,119.61083169999688,96554.525
2025-02-22 18:06:47.942834,110.82260192999695,96583.415
2025-02-22 18:07:53.722085,116.95425259999661,96576.285
2025-02-22 18:08:58.271583,114.7892318899967,96605.87
2025-02-22 18:10:05.305283,123.80422077999697,96604.535
2025-02-22 18:11:09.360692,117.19326690999685,96610.925
2025-02-22 18:12:14.270105,119.84210398999676,96621.805
2025-02-22 18:13:18.663788,118.83926369999665,96599.225
2025-02-22 18:14:22.717670,118.05431795999664,96627.805
2025-02-22 18:15:27.165836,113.73603848999687,96610.695
2025-02-22 18:16:31.514645,119.42155821999643,96606.135
2025-02-22 18:17:35.844909,120.21536171999651,96585.165
2025-02-22 18:18:41.418166,126.84959872999696,96600.025
2025-02-22 18:19:46.840825,133.4911423399966,96575.405
2025-02-22 18:20:50.892793,129.8399667199966,96561.465
2025-02-22 18:21:56.560607,130.09194627999625,96550.005
2025-02-22 18:23:01.933619,125.38339621999648,96554.525
2025-02-22 18:24:08.116659,124.20963483999651,96565.735
2025-02-22 18:25:12.398802,118.89486124999667,96568.86
2025-02-22 18:26:16.767979,122.93438844999685,96596.335
2025-02-22 18:27:21.440032,126.99442278999686,96614.605
2025-02-22 18:28:26.140971,130.89471703999686,96601.785
2025-02-22 18:29:30.323720,126.16533734999689,96611.655
2025-02-22 18:30:34.787807,118.7362400399968,96604.435
2025-02-22 18:31:39.569741,123.58941182999581,96546.575
2025-02-22 18:32:43.990682,119.73003150999682,96582.255
2025-02-22 18:33:48.127337,121.86241276999704,96606.985
2025-02-22 18:34:52.637085,101.04429228999732,96643.365
2025-02-22 18:35:57.334232,115.64774704999695,96617.385
2025-02-22 18:37:01.510893,118.92292519999728,96651.165
2025-02-22 18:38:05.662195,127.27024593999727,96618.775
2025-02-22 18:39:11.275311,121.49939188999622,96636.155
2025-02-22 18:40:16.180876,123.2551552599972,96640.42
2025-02-22 18:41:20.833786,125.22293386999684,96630.055
2025-02-22 18:42:24.731115,101.29459642999734,96672.305
2025-02-22 18:43:29.879104,107.35022048999724,96657.635
2025-02-22 18:44:34.845473,99.49501794999719,96673.225
2025-02-22 18:45:39.396473,113.83589117999668,96652.595
2025-02-22 18:46:44.714852,119.52655028999675,96631.185
2025-02-22 18:47:49.019664,127.86026618999699,96583.775
2025-02-22 18:48:54.131596,119.96042341999703,96590.865
2025-02-22 18:49:58.474986,121.75890416999675,96615.685
2025-02-22 18:51:03.797239,128.22870689999684,96618.175
2025-02-22 18:52:07.536931,125.12799782999673,96622.545
2025-02-22 18:53:11.420188,130.13750632999654,96617.625
2025-02-22 18:54:16.229865,130.26367007999704,96653.39
2025-02-22 18:55:21.766469,103.49108421999722,96691.625
2025-02-22 18:56:26.762716,101.28454483999747,96664.175
2025-02-22 18:57:30.477606,116.11803111999677,96631.43
2025-02-22 18:58:34.655590,125.45773693999695,96619.995
2025-02-22 18:59:41.491601,121.63862682999684,96631.555
2025-02-22 19:00:45.296386,86.91535689999881,96675.185
2025-02-22 19:01:49.959075,87.96661765999875,96690.89
2025-02-22 19:02:53.853510,89.65171630999822,96670.07
2025-02-22 19:03:58.525972,96.15824422999901,96668.905
2025-02-22 19:05:02.605123,85.00294508999764,96663.395
2025-02-22 19:06:07.944375,79.87713249999871,96677.79
2025-02-22 19:07:11.656397,99.01658481999766,96672.355
2025-02-22 19:08:15.548155,98.73179339999751,96686.455
2025-02-22 19:09:19.656462,96.29077819999782,96671.165
2025-02-22 19:10:23.686350,90.37847030999728,96675.915
2025-02-22 19:11:28.443678,79.75088821999736,96710.085
2025-02-22 19:12:34.704589,115.11778067999774,96678.205
2025-02-22 19:13:39.027791,119.47984945999758,96651.985
2025-02-22 19:14:46.704511,115.80389043999776,96667.735
2025-02-22 19:15:52.119581,99.84195175999787,96673.385
2025-02-22 19:16:57.012060,92.72361824999746,96699.31
2025-02-22 19:18:01.609772,117.37142646999769,96674.145
2025-02-22 19:19:06.516523,92.05623849999768,96663.765
2025-02-22 19:20:10.708677,93.78851397999802,96711.295
2025-02-22 19:21:14.959950,87.86328951999769,96733.195
2025-02-22 19:22:20.299745,88.49632807999785,96738.185
2025-02-22 19:23:25.524761,85.2589674299976,96738.525
2025-02-22 19:24:29.662312,87.71174332999772,96748.945
2025-02-22 19:25:34.330345,90.82257039999797,96743.715
2025-02-22 19:26:38.781171,81.58745749999764,96743.585
2025-02-22 19:27:43.967410,84.98436885999786,96723.725
2025-02-22 19:28:48.887692,87.7860277499982,96759.795
2025-02-22 19:29:53.939794,91.42598129999817,96773.565
2025-02-22 19:37:34.077256,80.60993988999746,96773.13
2025-02-22 19:39:51.379316,95.78537046999725,96734.705
2025-02-22 19:41:32.040562,117.38985893999768,96688.165
2025-02-22 19:48:30.325043,124.55007460999764,96609.735
2025-02-22 19:49:35.878709,123.18961043999786,96622.155
2025-02-22 19:50:40.546417,120.17773974999807,96614.125
2025-02-22 19:51:46.116774,117.1901305099974,96631.215
2025-02-22 20:07:48.746973,128.18134779999752,96424.405
2025-02-22 20:15:38.581833,124.55044185999702,96470.765
2025-02-22 20:17:43.698597,127.16203312999698,96528.785
2025-02-22 20:28:20.838777,126.66872646999798,96603.215
2025-02-22 20:40:30.345067,123.9775915699978,96631.365
2025-02-22 20:53:00.335290,128.1922778299986,96635.215
2025-02-22 21:09:07.756513,130.37598807999711,96560.325
2025-02-22 21:10:19.131899,130.91845898999736,96618.485
2025-02-22 21:21:28.478208,143.67918654999733,96616.065
2025-02-22 21:22:32.935939,145.14862242999754,96616.235
2025-02-22 21:23:37.995175,142.9016584599973,96612.815
2025-02-22 21:24:41.798167,139.52189802999794,96593.265
2025-02-22 21:25:45.830501,126.94928156999731,96586.155
2025-02-22 21:26:50.838128,128.83310271999767,96537.395
2025-02-22 21:27:55.661650,131.37683265999738,96562.475
2025-02-22 21:28:59.628947,114.04400015999795,96548.375
2025-02-22 21:30:03.815532,118.79030991999753,96544.405
2025-02-22 21:31:07.697441,115.4220526099972,96534.245
2025-02-22 21:32:13.199004,137.3504212899977,96512.525
2025-02-22 21:33:17.691582,131.01193051999746,96566.865
2025-02-22 21:34:22.115335,144.60621233999746,96569.095
2025-02-22 21:35:26.046324,143.23292637999793,96592.235
2025-02-22 21:36:31.240339,144.6060971099978,96626.385
2025-02-22 21:37:35.829413,136.71426226999756,96649.24
2025-02-22 21:38:40.159549,140.49992171999838,96647.345
2025-02-22 21:39:46.998346,140.3824801999981,96653.815
2025-02-22 21:40:52.089160,133.07302952999828,96648.535
2025-02-22 21:41:56.477305,134.05749432999778,96633.295
2025-02-22 21:43:00.912623,138.52774307999766,96606.285
2025-02-22 21:44:05.872000,133.07671093999772,96587.945
2025-02-22 21:45:10.718827,131.64194250999776,96581.19
2025-02-22 21:46:16.328702,133.5634445099979,96570.005
2025-02-22 21:47:20.640920,129.6380096799976,96605.575
2025-02-22 21:48:24.604807,131.45994562999738,96561.365
2025-02-22 21:49:28.879045,137.53198241999746,96551.535
2025-02-22 21:50:33.953830,129.16147548999766,96570.825
2025-02-22 21:51:37.804098,137.7454294599977,96578.79
2025-02-22 21:52:42.215275,134.32455913999763,96562.865
2025-02-22 21:53:46.653418,136.47714754999686,96573.815
2025-02-22 21:54:51.277214,135.30763069999682,96548.785
2025-02-22 21:55:55.187446,136.21781633999763,96562.155
2025-02-22 21:57:00.754715,141.90424549999773,96569.185
2025-02-22 21:58:06.493948,141.7544221299978,96583.505
2025-02-22 21:59:12.451943,138.69412132999798,96622.555
2025-02-22 22:00:18.331431,122.18756679999785,96580.945
2025-02-22 22:01:22.993737,125.21046517999764,96560.875
2025-02-22 22:02:28.006280,135.1660058999978,96565.91
2025-02-22 22:03:33.310012,134.97913138999775,96562.745
2025-02-22 22:04:38.369005,133.78651640999772,96555.235
2025-02-22 22:05:42.248571,129.29144632999737,96529.385
2025-02-22 22:06:46.658636,135.6092139299975,96542.555
2025-02-22 22:07:53.234733,139.48595675999775,96556.345
2025-02-22 22:08:57.647575,134.40605102999734,96553.595
2025-02-22 22:10:01.643606,135.67579199999727,96547.875
2025-02-22 22:11:06.852042,138.43021323999722,96548.275
2025-02-22 22:12:12.934130,137.53485859999785,96573.415
2025-02-22 22:13:17.230029,132.27255840999794,96607.575
2025-02-22 22:14:21.973143,138.27941284999758,96584.815
2025-02-22 22:15:27.049445,124.29245508999736,96571.075
2025-02-22 22:16:31.294228,139.9066892399976,96553.055
2025-02-22 22:17:36.255363,131.7178374999978,96570.395
2025-02-22 22:18:40.664726,141.09151395999834,96570.395
2025-02-22 22:19:44.660087,135.646300639998,96581.565
2025-02-22 22:20:49.188074,136.67864691999773,96595.425
2025-02-22 22:21:55.192936,136.9380794299982,96560.535
2025-02-22 22:22:59.566072,132.30218968999736,96533.055
2025-02-22 22:24:04.019469,143.32130392999773,96547.525
2025-02-22 22:25:08.559927,143.5463274299981,96552.735
2025-02-22 22:26:12.669479,134.4931442799981,96570.305
2025-02-22 22:27:16.894521,127.97174616999814,96569.555
2025-02-22 22:28:22.132594,141.08079582999767,96578.965
2025-02-22 22:29:28.425452,138.08670513999766,96541.485
2025-02-22 22:30:33.571563,155.29174449999766,96531.365
2025-02-22 22:31:42.321790,137.2147113999979,96566.195
2025-02-22 22:32:46.572772,146.68049157999735,96545.055
2025-02-22 22:33:50.888799,144.073476749998,96560.625
2025-02-22 22:34:55.122226,137.6131712699978,96546.82
2025-02-22 22:35:59.473205,131.14948229999754,96559.905
2025-02-22 22:37:04.642242,130.11721036999745,96554.215
2025-02-22 22:38:09.783935,135.7891836399972,96554.215
2025-02-22 22:39:15.350064,148.97656974999745,96543.295
2025-02-22 22:40:20.420999,129.77314793999687,96590.345
2025-02-22 22:41:27.682694,131.6035141199976,96596.565
2025-02-22 22:42:31.710039,132.09422909999773,96624.835
2025-02-22 22:43:36.618863,138.9606994499975,96635.355
2025-02-22 22:44:41.850818,135.01145318999784,96645.75
2025-02-22 22:53:02.440885,121.95332844999768,96663.775
2025-02-22 23:10:38.553806,115.65556600999764,96670.255
2025-02-22 23:11:42.696927,119.9970558799979,96673.775
2025-02-22 23:12:46.964824,118.3982860599981,96673.875
2025-02-22 23:13:51.906398,133.08651619999773,96668.295
2025-02-22 23:14:56.503196,137.82327309999732,96660.305
2025-02-22 23:16:01.244081,140.96384661999764,96673.985
2025-02-22 23:17:05.306957,141.30472028999748,96651.615
2025-02-22 23:18:09.395561,141.09882160999757,96660.655
2025-02-22 23:19:14.145851,138.87882837999757,96666.365
2025-02-22 23:20:18.500453,118.11021015999825,96666.005
2025-02-22 23:21:22.949352,123.37741252999786,96656.265
2025-02-22 23:22:27.736417,134.05041005999794,96661.635
2025-02-22 23:23:33.321695,135.96858227999803,96658.125
2025-02-22 23:24:37.443736,126.67601801999797,96659.655
2025-02-22 23:38:38.926102,138.02436818999718,96644.965
2025-02-22 23:39:43.027462,132.15348998999764,96641.655
2025-02-22 23:40:48.211510,135.7203263399971,96640.535
2025-02-22 23:41:53.326015,133.85518014999707,96623.755
2025-02-22 23:42:57.779952,131.03422735999732,96617.275
2025-02-22 23:44:02.999903,123.2721559099981,96627.895
2025-02-22 23:45:07.735978,95.61169974999734,96692.695
2025-02-22 23:46:12.800680,102.1186457899978,96701.525
2025-02-22 23:47:17.412321,97.33793747999778,96700.835
2025-02-22 23:48:21.447884,114.11943008999765,96679.735
2025-02-22 23:49:25.950335,111.2056359599975,96690.275
2025-02-22 23:50:29.746811,129.89591790999748,96630.525
2025-02-22 23:51:33.669080,123.44783182999731,96640.315
2025-02-22 23:52:37.465894,123.94181217999767,96640.565
2025-02-22 23:53:41.076568,133.89154837999808,96646.045
2025-02-22 23:54:45.325516,122.78599465999707,96673.085
2025-02-22 23:55:49.239837,110.92384317999768,96695.345
2025-02-22 23:56:53.224218,133.29701571999794,96688.695
2025-02-22 23:57:58.150537,133.2166339799976,96650.055
2025-02-22 23:59:02.139890,137.32059565999737,96653.285
2025-02-23 00:00:06.248055,128.40631835999682,96650.065
2025-02-23 00:01:10.668762,125.02051285999676,96636.585
2025-02-23 00:02:14.761753,136.8697895499971,96586.875
2025-02-23 00:03:19.169171,137.57222288999708,96593.895
2025-02-23 00:04:23.912624,135.52093074999686,96613.085
2025-02-23 00:05:29.000547,142.2253021199965,96564.515
2025-02-23 00:06:33.432294,141.3370938999965,96527.285
2025-02-23 00:07:37.494120,145.55845607999674,96557.315
2025-02-23 00:08:41.673038,132.39852419999715,96576.355
2025-02-23 00:09:45.495167,140.35392627999693,96597.735
2025-02-23 00:10:49.335625,141.48543455999732,96607.285
2025-02-23 00:11:53.038414,139.97447505999685,96604.765
2025-02-23 00:12:56.906835,135.26460928999654,96636.735
2025-02-23 00:14:00.679445,119.04803562999746,96649.325
2025-02-23 00:15:05.011977,131.35341988999767,96649.325
2025-02-23 00:16:09.239070,127.61037752999766,96662.195
2025-02-23 00:17:14.158001,140.37503874999663,96662.195
2025-02-23 00:18:18.277670,115.36309047999782,96692.91
2025-02-23 00:19:23.207492,139.06407256999762,96679.305
2025-02-23 00:20:28.662313,127.77812275999747,96637.675
2025-02-23 00:21:34.487579,137.69585673999768,96594.215
2025-02-23 00:22:38.705135,129.8851732999974,96634.375
2025-02-23 00:23:43.328236,131.50247315999763,96617.325
2025-02-23 00:24:47.822445,127.9961284099976,96602.495
2025-02-23 00:25:51.718109,140.0769085399969,96595.815
2025-02-23 00:26:55.553277,138.44383136999716,96610.775
2025-02-23 00:27:59.395370,137.0005351499974,96610.775
2025-02-23 00:29:03.129795,134.7188537299977,96640.055
2025-02-23 00:30:07.799051,135.49409094999726,96636.575
2025-02-23 00:31:12.496150,155.10341207999682,96636.575
2025-02-23 00:32:16.407254,135.6201288099977,96630.695
2025-02-23 00:33:20.434785,148.53463220999697,96603.525
2025-02-23 00:34:24.687594,135.9773729899972,96635.715
2025-02-23 00:35:30.132443,135.0980765599976,96626.205
2025-02-23 00:36:34.453023,137.5086815099976,96595.065
2025-02-23 00:37:38.536571,138.67853421999735,96631.755
2025-02-23 00:38:42.481137,135.2933403999972,96631.755
2025-02-23 00:55:19.895581,144.03009139999688,96566.415
2025-02-23 01:06:17.279757,140.67980241999737,96533.075
2025-02-23 01:07:22.805561,134.32494001999703,96523.785
2025-02-23 01:08:26.899629,144.67546058999665,96548.305
2025-02-23 01:09:32.344825,149.0744108999969,96552.855
2025-02-23 01:10:37.059322,150.7949718599965,96540.605
2025-02-23 01:11:41.618132,151.15299527999673,96538.635
2025-02-23 01:12:46.715700,145.21679489999667,96548.075
2025-02-23 01:13:52.821844,131.86248079999712,96537.535
2025-02-23 01:14:56.699086,111.01867750999781,96499.995
2025-02-23 01:16:00.596258,111.00553044999867,96499.995
2025-02-23 01:17:05.926324,114.60233189999849,96557.115
2025-02-23 01:18:09.662613,119.42062041999782,96567.095
2025-02-23 01:19:15.432853,117.56293843999777,96530.235
2025-02-23 01:20:20.460566,117.74609803999817,96542.805
2025-02-23 01:23:39.184935,124.36728581999773,96572.185
2025-02-23 01:24:46.523107,126.4549584299981,96594.245
2025-02-23 01:25:50.268416,123.72472721999804,96589.215
2025-02-23 01:26:57.904785,131.73477251999782,96557.455
2025-02-23 01:28:02.883384,133.20301902999756,96566.51
2025-02-23 01:29:07.434059,136.6751980499971,96559.235
2025-02-23 01:30:13.091993,143.7312590099972,96571.77
2025-02-23 01:31:17.619292,137.55540892999682,96590.495
2025-02-23 01:32:22.479853,153.8896404999956,96568.015
2025-02-23 01:33:27.414173,167.35583176999785,96603.065
2025-02-23 01:34:31.102626,139.24413371999765,96627.18
2025-02-23 01:35:34.478446,122.89534520999916,96624.055
2025-02-23 01:36:38.420535,138.01542265999728,96617.135
2025-02-23 01:37:41.952107,129.29312835999878,96636.615
2025-02-23 01:38:45.660782,136.84567975999755,96627.905
2025-02-23 01:39:49.421207,128.78462187999742,96617.135
2025-02-23 01:41:10.112575,139.84732393999752,96612.485
2025-02-23 01:42:14.581958,141.24641636999763,96604.465
2025-02-23 01:43:19.824976,137.1728519399976,96610.785
2025-02-23 01:44:23.910892,139.26720404999725,96614.505
2025-02-23 01:45:27.585067,146.7041417199972,96617.645
2025-02-23 01:46:32.268421,144.41716880999752,96614.965
2025-02-23 01:47:36.778065,143.70077095999739,96628.095
2025-02-23 01:48:42.108608,144.75871220999738,96604.465
2025-02-23 01:49:45.646333,141.31998802999755,96604.465
2025-02-23 01:50:49.251418,137.94132705999783,96604.465
2025-02-23 01:51:54.235396,138.95582147999755,96604.465
2025-02-23 01:52:57.847071,142.56479417999708,96603.545
2025-02-23 01:53:05.103614,143.52351569999712,96603.545
2025-02-23 01:54:08.867405,127.72682179999765,96603.545
2025-02-23 01:55:13.264988,146.50702348999675,96649.195
2025-02-23 01:56:17.722655,154.19941265999717,96649.995
2025-02-23 01:57:21.884734,160.78139779999754,96644.005
2025-02-23 01:58:25.903422,155.5447058299975,96652.015
2025-02-23 01:59:30.585549,140.1116535499974,96679.365
2025-02-23 02:29:55.020654,178.9253178499972,96551.075
2025-02-23 02:30:58.672705,196.17366397999803,96520.215
2025-02-23 02:32:04.587380,191.8537716499976,96521.885
2025-02-23 02:33:08.650786,167.70183716999622,96521.885
2025-02-23 02:34:13.692036,174.24241738999706,96476.705
2025-02-23 02:35:17.668730,177.3408820199977,96468.305
2025-02-23 02:36:21.564402,178.88058202999787,96471.305
2025-02-23 02:37:25.334385,180.2846899599981,96485.755
2025-02-23 02:38:29.611435,185.11457540999845,96476.095
2025-02-23 02:39:33.358440,176.31397712999728,96453.705
2025-02-23 02:40:37.514760,178.22995994999724,96445.935
2025-02-23 02:41:42.731092,182.9296374599985,96436.545
2025-02-23 02:42:46.736442,186.62974145999783,96454.445
2025-02-23 02:43:50.585383,183.69007314999715,96462.685
2025-02-23 02:44:54.517457,186.2083196999979,96436.365
2025-02-23 02:45:59.627149,179.53046974999654,96474.175
2025-02-23 02:47:03.776283,185.8590202399987,96465.145
2025-02-23 02:48:07.825309,178.27944377999654,96481.215
2025-02-23 02:49:12.913639,185.77058596999836,96449.635
2025-02-23 02:50:17.084025,176.69600546999743,96443.325
2025-02-23 02:51:21.564827,192.52691274999734,96466.685
2025-02-23 02:52:26.259515,176.45358694999766,96439.055
2025-02-23 02:53:30.329720,167.51143421999734,96438.455
2025-02-23 02:54:34.363750,172.99376380999706,96469.505
2025-02-23 02:55:39.111621,172.3006899099978,96476.305
2025-02-23 02:56:43.226930,173.8589979799973,96492.205
2025-02-23 02:57:47.009737,173.09711130999744,96490.135
2025-02-23 02:58:51.571962,172.13054556999725,96477.735
2025-02-23 02:59:56.028106,171.45669664999707,96495.345
2025-02-23 03:01:00.142043,175.10506014999748,96480.465
2025-02-23 03:02:03.734498,174.820396829998,96471.975
2025-02-23 03:03:07.996122,158.93422502999795,96524.955
2025-02-23 03:04:14.881703,172.99110103999703,96483.365
2025-02-23 03:05:19.181510,177.50426117999723,96462.505
2025-02-23 03:06:23.629785,184.84962789999872,96439.215
2025-02-23 03:07:28.164421,177.03983792999713,96464.155
2025-02-23 03:08:32.219981,180.37071833999835,96470.205
2025-02-23 03:09:36.212023,178.61202018999813,96467.345
2025-02-23 03:10:40.139535,178.46465522999847,96471.285
2025-02-23 03:11:44.817969,179.4065390799983,96466.665
2025-02-23 03:12:49.909134,164.1071524399963,96516.485
2025-02-23 03:13:55.424645,160.33362501999738,96507.015
2025-02-23 03:14:59.840456,151.44606126999759,96515.555
2025-02-23 03:16:04.727968,150.52590458999805,96503.865
2025-02-23 03:17:09.524904,160.43769259999794,96485.225
2025-02-23 03:18:13.660280,171.34743304999813,96493.045
2025-02-23 03:19:18.589020,173.65677000999756,96469.095
2025-02-23 03:20:23.104939,171.28427501999806,96480.275
2025-02-23 03:21:27.267073,170.64019197999744,96483.76
2025-02-23 03:22:32.470826,181.5470663799988,96490.795
2025-02-23 03:23:36.262750,170.1313428699982,96495.205
2025-02-23 03:24:40.777549,171.3920318499977,96478.715
2025-02-23 03:25:44.658175,174.38490692999778,96452.085
2025-02-23 03:26:48.780139,184.12723478999908,96440.955
2025-02-23 03:27:53.845033,177.4894138599991,96459.015
2025-02-23 03:28:57.649899,175.100202949998,96467.435
2025-02-23 03:30:02.084880,176.44852575999892,96468.405
2025-02-23 03:31:07.381370,179.31195584999887,96436.995
2025-02-23 03:32:12.376533,186.73361839999836,96429.245
2025-02-23 03:49:50.913541,187.07623500999796,96430.525
2025-02-23 03:57:08.125201,178.37595014999908,96423.935
2025-02-23 03:59:25.354811,181.9056877399987,96430.345
2025-02-23 04:00:30.875244,175.83053844999768,96416.515
2025-02-23 04:01:35.673754,158.4278086199978,96509.925
2025-02-23 04:02:40.025453,146.23723513999835,96559.885
2025-02-23 04:03:44.235461,145.80519378999838,96534.015
2025-02-23 04:04:49.672496,148.34582804999877,96535.485
2025-02-23 04:05:55.008842,165.24016684999856,96499.915
2025-02-23 04:06:59.372296,179.1601110399971,96458.145
2025-02-23 04:08:03.968688,169.6863300299982,96488.695
2025-02-23 04:09:07.676417,158.4266234399978,96465.015
2025-02-23 04:10:11.706547,172.64268538999875,96468.265
2025-02-23 04:11:16.030020,160.70764643999644,96464.745
2025-02-23 04:12:20.024469,162.936242259996,96457.965
2025-02-23 04:13:24.092625,165.54443025999637,96478.255
2025-02-23 04:14:28.439212,162.3624653799966,96469.815
2025-02-23 04:15:32.940772,163.23795099999643,96478.385
2025-02-23 04:16:37.561222,162.2995170099964,96482.475
2025-02-23 04:17:41.961232,151.6395916299964,96506.905
2025-02-23 04:18:46.105312,148.603588029997,96533.955
2025-02-23 04:19:50.195816,148.03930109999624,96520.565
2025-02-23 04:20:55.093081,162.83706141999676,96496.885
2025-02-23 04:22:00.216116,148.46308371999623,96516.915
2025-02-23 04:23:04.485028,147.50334797999676,96566.9
2025-02-23 04:24:08.193893,141.8790755699963,96584.02
2025-02-23 04:25:12.278177,148.22890961999644,96570.835
2025-02-23 04:26:18.285763,146.76242652999633,96583.985
2025-02-23 04:27:22.776658,146.65540059999637,96582.715
2025-02-23 04:28:27.095636,144.80627220999622,96583.485
2025-02-23 04:29:31.875795,146.78146879999656,96578.19
2025-02-23 04:30:36.135309,148.8941886299964,96560.645
2025-02-23 04:31:41.249500,147.7010212299964,96573.745
2025-02-23 04:32:45.188091,147.38533883999617,96574.215
2025-02-23 04:33:49.124374,148.10027710999634,96551.215
2025-02-23 04:34:53.161782,146.55065929999648,96565.46
2025-02-23 04:35:57.748459,143.8293950999962,96543.915
2025-02-23 04:37:02.674147,142.0987464999962,96535.535
2025-02-23 04:38:06.771522,147.53506514999629,96505.955
2025-02-23 04:39:11.900393,151.94607095999606,96538.125
2025-02-23 04:40:16.119589,151.7244299599961,96502.445
2025-02-23 04:41:20.524834,163.37977375999594,96507.255
2025-02-23 04:42:24.552283,150.55363524999643,96504.185
2025-02-23 04:43:29.455382,148.89342442999623,96531.085
2025-02-23 04:44:33.247243,150.672447229996,96526.905
2025-02-23 04:45:37.279181,151.20674231999578,96524.185
2025-02-23 04:46:42.120254,145.8187414799961,96537.48
2025-02-23 04:47:45.902242,157.56131871999912,96557.59
2025-02-23 04:48:51.300646,159.31704806999915,96557.605
2025-02-23 04:49:55.291479,166.51658559999896,96516.505
2025-02-23 04:51:00.316298,167.0633388999987,96524.265
2025-02-23 04:52:05.575258,179.15456406999874,96483.535
2025-02-23 04:53:09.870937,181.1252323999986,96475.255
2025-02-23 04:54:14.084385,175.57993294999767,96475.255
2025-02-23 04:55:18.166471,180.2342631099989,96464.235
2025-02-23 04:56:22.337713,179.81275087999848,96480.045
2025-02-23 04:57:26.631525,179.2316730899987,96462.405
2025-02-23 04:58:30.709742,177.7473861399975,96442.24
2025-02-23 04:59:36.414468,180.34532233999846,96446.525
2025-02-23 05:15:42.766200,182.55922958999759,96474.315
2025-02-23 05:16:46.447318,183.14181454999778,96473.635
2025-02-23 05:17:50.756840,187.57645885999864,96477.545
2025-02-23 05:18:56.596677,166.45802307999702,96493.755
2025-02-23 05:20:00.661374,166.32343360999744,96514.835
2025-02-23 05:21:05.200209,164.14714357999674,96514.165
2025-02-23 05:22:10.310563,168.07833985999764,96521.405
2025-02-23 05:23:15.269599,171.24056645999826,96529.595
2025-02-23 05:24:20.393710,174.55106571999784,96529.575
2025-02-23 05:25:40.651302,172.09745545999783,96532.125
2025-02-23 05:26:45.693649,160.10528574999728,96524.055
2025-02-23 05:27:50.102215,170.95730266999885,96503.865
2025-02-23 05:28:54.106999,161.2995357199968,96502.035
2025-02-23 05:29:58.087044,175.55075674999887,96469.185
2025-02-23 05:31:01.907625,173.24786940999775,96458.66
2025-02-23 05:32:06.932731,185.15151047999825,96457.855
2025-02-23 05:33:10.991093,175.8574995399988,96444.975
2025-02-23 05:34:14.867398,183.16075409999837,96452.365
2025-02-23 05:35:19.737097,176.521179229999,96446.955
2025-02-23 05:36:23.534141,178.0344212499988,96466.695
2025-02-23 05:37:27.918288,171.67232392999836,96462.255
2025-02-23 05:38:32.253072,176.50027758999852,96465.305
2025-02-23 05:39:37.029376,161.9323881799976,96444.525
2025-02-23 05:40:41.931500,174.02567903999852,96448.055
2025-02-23 05:41:45.945581,175.43996447999882,96445.845
2025-02-23 05:42:51.356957,172.39500265999857,96449.355
2025-02-23 05:43:55.235717,171.39940467999872,96464.465
2025-02-23 05:44:59.382159,165.6645083599983,96447.655
2025-02-23 05:46:04.277825,168.66258714999844,96435.335
2025-02-23 05:47:09.547817,169.339339069998,96422.54
2025-02-23 05:48:13.782212,160.32246904999784,96447.435
2025-02-23 05:49:17.704197,163.18482474999757,96443.99
2025-02-23 05:50:22.755301,167.48147204999873,96454.065
2025-02-23 05:51:26.311541,167.8246974499982,96434.995
2025-02-23 05:52:30.608069,170.33685485999843,96462.465
2025-02-23 05:53:35.029387,172.18560618999834,96436.895
2025-02-23 05:54:39.111469,164.82079265999744,96422.235
2025-02-23 05:55:43.951266,167.674741719998,96420.935
2025-02-23 05:56:48.360811,160.90094540999814,96420.005
2025-02-23 05:57:52.286236,163.00324248999743,96428.445
2025-02-23 05:58:56.139255,181.34721229999752,96421.615
2025-02-23 06:00:00.360047,173.60197133999873,96407.135
2025-02-23 06:01:06.245388,179.89200671999913,96408.305
2025-02-23 06:02:10.384690,168.07990959999847,96401.745
2025-02-23 06:03:14.482870,168.76902316999815,96387.265
2025-02-23 06:04:18.432299,174.80089315999885,96400.605
2025-02-23 06:05:22.389164,178.1181576999993,96426.635
2025-02-23 06:06:26.768754,173.71568976999913,96397.105
2025-02-23 06:07:31.905339,189.03270426999893,96404.745
2025-02-23 06:08:35.746410,185.31953817999886,96384.725
2025-02-23 06:09:39.651959,184.45648720999907,96383.19
2025-02-23 06:10:43.515838,182.88037196999915,96363.845
2025-02-23 06:11:48.634161,190.1526776899991,96383.105
2025-02-23 06:12:52.608663,182.34061504999806,96382.965
2025-02-23 06:13:56.685671,172.46655717999772,96367.805
2025-02-23 06:15:02.410908,173.3779745699975,96369.925
2025-02-23 06:16:06.390893,184.52543136999907,96354.025
2025-02-23 06:47:07.656295,244.29094103999932,96290.455
2025-02-23 06:48:12.339787,248.26840083999923,96290.77
2025-02-23 07:15:57.485656,231.821920269997,96257.795
2025-02-23 07:31:59.365052,225.01041299999645,96266.175
2025-02-23 07:33:04.244051,228.63547933999678,96311.005
2025-02-23 07:49:06.645472,192.61536138999725,96351.315
2025-02-23 08:01:43.844725,190.9817548399971,96342.945
2025-02-23 08:02:48.819474,195.3458983399974,96317.935
2025-02-23 08:03:53.516173,185.53408518999623,96322.125
2025-02-23 08:04:57.942679,190.59587999999718,96338.975
2025-02-23 08:06:03.844383,189.16332508999687,96341.035
2025-02-23 08:07:07.790900,194.6930555899972,96351.985
2025-02-23 08:08:12.208373,182.01382967999655,96351.985
2025-02-23 08:09:17.352812,191.6048726599974,96356.46
2025-02-23 08:10:21.435019,192.52217265999695,96327.835
2025-02-23 08:11:25.487706,192.1093784199968,96322.135
2025-02-23 08:12:30.128174,192.77540778999702,96322.985
2025-02-23 08:13:35.285028,191.75026880999712,96345.055
2025-02-23 08:14:39.553410,196.34425228999703,96357.125
2025-02-23 08:15:43.425419,180.7312510299967,96360.085
2025-02-23 08:16:47.915723,196.16812538999721,96348.445
2025-02-23 08:17:52.454722,194.30272375999743,96379.645
2025-02-23 08:18:56.623007,190.00482746999705,96378.255
2025-02-23 08:20:00.881167,170.0727377399968,96459.975
2025-02-23 08:21:06.608260,176.2713322599967,96456.13
2025-02-23 08:22:11.471357,161.43265257999826,96423.315
2025-02-23 08:23:16.304840,157.2781674999984,96435.015
2025-02-23 08:24:20.150042,164.47595830999853,96378.505
2025-02-23 08:25:25.443708,170.64356994999912,96397.445
2025-02-23 08:26:29.341311,165.88745853999853,96423.915
2025-02-23 08:27:33.485152,155.115053639998,96423.945
2025-02-23 08:28:37.378544,152.67136677999792,96453.215
2025-02-23 08:29:48.875311,167.45136002999857,96450.365
2025-02-23 08:30:53.386486,165.2829566899984,96447.575
2025-02-23 08:31:57.727694,162.95687813999848,96476.085
2025-02-23 08:33:02.855959,158.99187760999826,96475.875
2025-02-23 08:34:06.923221,160.1132058399984,96471.955
2025-02-23 08:35:10.695702,160.83892642999854,96510.055
2025-02-23 08:36:16.225863,160.49899602999847,96488.995
2025-02-23 08:37:20.397449,134.83421287999772,96499.675
2025-02-23 08:38:24.656918,163.84937807999836,96497.615
2025-02-23 08:39:28.483076,136.4894517699979,96497.615
2025-02-23 08:40:36.753587,150.23368946999938,96525.005
2025-02-23 08:41:40.778441,132.6337558999976,96569.9
2025-02-23 08:42:45.799905,142.88739807999866,96565.625
2025-02-23 08:43:49.906017,134.87953640999808,96592.35
2025-02-23 08:44:53.940148,133.7228267399978,96584.445
2025-02-23 08:45:59.459583,133.0155115899977,96542.305
2025-02-23 08:47:03.738485,138.7302288799982,96534.735
2025-02-23 08:48:07.696923,129.88514160999728,96561.125
2025-02-23 08:49:11.698337,125.97964701999774,96548.825
2025-02-23 08:50:15.748288,137.68010695999772,96521.495
2025-02-23 08:51:20.751127,146.62470242999825,96521.445
2025-02-23 08:52:25.491275,131.7567540099967,96525.655
2025-02-23 08:53:29.708822,135.13709864999748,96548.815
2025-02-23 08:54:33.985315,138.16107389999797,96542.195
2025-02-23 08:55:38.689280,152.02874498999904,96531.635
2025-02-23 08:56:43.027173,141.36679085999822,96574.505
2025-02-23 08:57:47.858948,139.39147749999813,96545.695
2025-02-23 08:58:53.271976,150.97930962999897,96548.315
2025-02-23 08:59:58.598546,136.66314411999713,96540.095
2025-02-23 09:01:07.776383,142.024564139998,96530.63
2025-02-23 09:02:12.082524,165.72374492999847,96492.295
2025-02-23 09:08:52.834008,165.45857641999805,96462.695
2025-02-23 09:12:27.874597,164.11428858999784,96448.385
2025-02-23 09:28:29.941072,173.68985347999853,96350.405
2025-02-23 09:35:51.246298,176.32289678999894,96363.935
2025-02-23 09:36:56.240249,176.36697802999925,96368.365
2025-02-23 09:38:01.046963,177.81967703999885,96367.315
2025-02-23 09:39:05.917037,166.14809848999755,96376.72
2025-02-23 09:40:09.622554,178.05009244999883,96364.675
2025-02-23 09:41:13.436746,181.68025006999903,96372.195
2025-02-23 09:42:17.581198,175.84558616999902,96364.885
2025-02-23 09:43:29.377762,175.93831124999872,96359.955
2025-02-23 09:44:33.055815,176.20598190999863,96360.485
2025-02-23 09:45:37.438808,177.04255797999895,96365.535
2025-02-23 09:46:41.316712,182.74386121999896,96365.535
2025-02-23 09:47:46.631711,182.65801260999888,96349.09
2025-02-23 09:48:51.104622,170.90823071999853,96353.945
2025-02-23 09:49:54.881992,181.3794398499988,96350.435
2025-02-23 09:50:58.759768,184.11887943999875,96338.655
2025-02-23 09:52:02.563449,181.55039072999853,96338.935
2025-02-23 09:53:06.721488,186.6789329299977,96327.055
2025-02-23 09:54:10.798175,183.41675179999856,96327.055
2025-02-23 09:55:15.315049,171.84724905999838,96326.805
2025-02-23 09:56:19.309655,172.29985821999844,96378.475
2025-02-23 09:57:23.225246,179.71586254999806,96345.435
2025-02-23 09:58:27.174129,173.1246439399987,96359.045
2025-02-23 09:59:30.907108,175.27759694999816,96372.005
2025-02-23 10:00:34.305472,173.58137815999817,96389.215
2025-02-23 10:01:38.224611,163.92831679999813,96416.945
2025-02-23 10:02:43.100423,157.68580505999773,96428.645
2025-02-23 10:03:48.440975,151.68690410999773,96475.12
2025-02-23 10:04:52.881167,160.42743291999773,96435.335
2025-02-23 10:05:59.216779,167.0644624099982,96422.315
2025-02-23 10:07:02.837303,163.92103725999812,96414.025
2025-02-23 10:08:07.280880,160.4976569499978,96427.015
2025-02-23 10:09:12.477740,169.95526808999819,96407.575
2025-02-23 10:10:17.282326,173.29848275999825,96389.365
2025-02-23 10:11:21.147853,173.9550974999985,96391.695
2025-02-23 10:12:26.827540,175.76383935999877,96387.895
2025-02-23 10:13:30.605288,170.16920894999828,96375.995
2025-02-23 10:14:35.754637,178.57036863999838,96339.245
2025-02-23 10:15:40.800493,175.05491190999703,96331.125
2025-02-23 10:16:45.746694,178.82630940999866,96326.385
2025-02-23 10:17:49.519775,176.4332557699979,96331.155
2025-02-23 10:18:54.046214,224.78291004999846,96312.575
2025-02-23 10:20:00.257153,224.96958669999822,96309.655
2025-02-23 10:21:05.456549,221.34190524999826,96309.995
2025-02-23 10:22:09.632092,223.1047385699984,96306.995
2025-02-23 10:23:14.431679,220.1516706199983,96286.385
2025-02-23 10:24:19.809478,218.3401006599977,96291.415
2025-02-23 10:25:25.190123,177.14145391999864,96327.935
2025-02-23 10:26:30.223777,175.54658709999865,96335.55
2025-02-23 10:27:35.229855,181.16751576999866,96333.085
2025-02-23 10:28:40.372059,180.77399114999844,96328.705
2025-02-23 10:29:44.549078,177.55634843999803,96328.705
2025-02-23 10:30:49.808639,176.41589168999838,96323.705
2025-02-23 10:31:54.488552,177.79253234999828,96325.185
2025-02-23 10:32:59.861900,221.5869180299984,96316.415
2025-02-23 10:34:05.689745,219.00047099999824,96305.385
2025-02-23 10:35:10.446917,219.27369855999825,96299.24
2025-02-23 10:36:16.834537,218.60757483999794,96273.055
2025-02-23 10:37:21.699234,217.5132438199978,96286.395
2025-02-23 10:38:26.722357,212.89234172999716,96286.705
2025-02-23 10:39:31.103205,171.2761607399982,96294.305
2025-02-23 10:48:37.751672,169.89011653999842,96378.995
2025-02-23 10:54:11.721901,178.34937729999865,96334.995
2025-02-23 10:55:17.174199,176.6566974099983,96331.515
2025-02-23 10:56:22.149976,181.43727093999826,96315.785
2025-02-23 10:57:28.450249,171.27339507999807,96335.72
2025-02-23 10:58:33.718543,219.53720354999837,96315.755
2025-02-23 10:59:38.905965,214.45060156999762,96308.205
2025-02-23 11:00:44.389294,215.28948095999863,96297.825
2025-02-23 11:01:50.188602,215.3086438299979,96300.405
2025-02-23 11:02:55.083717,220.74261403999822,96276.215
2025-02-23 11:04:00.697133,219.62603977999834,96270.06
2025-02-23 11:05:06.322048,221.79559668999832,96270.195
2025-02-23 11:06:11.448775,215.21192858999814,96272.675
2025-02-23 11:07:16.641153,210.3742035099973,96268.555
2025-02-23 11:08:21.493905,211.19211709999763,96263.725
2025-02-23 11:09:26.956322,212.6879629299974,96255.815
2025-02-23 11:10:31.435372,219.06165806999763,96247.985
2025-02-23 11:11:38.175606,211.47304799999768,96253.235
2025-02-23 11:12:43.444734,216.49399637999807,96255.575
2025-02-23 11:13:49.740463,218.84646696999835,96246.495
2025-02-23 11:14:54.822795,224.9688339599984,96249.725
2025-02-23 11:15:59.506909,217.8107063099984,96253.275
2025-02-23 11:17:05.814613,213.67480398999828,96246.225
2025-02-23 11:18:10.224283,206.6165649599974,96246.225
2025-02-23 11:19:14.953190,213.61114222999822,96242.725
2025-02-23 11:20:22.062814,218.46441036999852,96256.835
2025-02-23 11:21:26.817858,213.85921343999792,96255.375
2025-02-23 11:22:32.584222,213.46980445999827,96251.835
2025-02-23 11:23:37.389159,220.9557575799987,96254.435
2025-02-23 11:24:42.037189,213.51260253999874,96263.235
2025-02-23 11:25:54.000766,211.28837804999932,96264.735
2025-02-23 11:26:58.393754,210.86316184999953,96281.395
2025-02-23 11:28:02.008355,190.35150754999825,96281.395
2025-02-23 11:29:06.706028,210.30290318999903,96264.145
2025-02-23 11:30:12.472215,201.07341692999887,96245.59
2025-02-23 11:31:27.013682,202.0374722899985,96228.905
2025-02-23 11:32:33.655329,197.94617413999856,96223.875
2025-02-23 11:33:46.383733,198.5120451599987,96220.025
2025-02-23 11:34:50.889427,204.556729179998,96188.245
2025-02-23 11:35:57.646697,230.8443668499969,96181.91
2025-02-23 11:37:01.958735,223.8242673799981,96182.045
2025-02-23 11:38:06.595288,227.4009460599973,96143.805
2025-02-23 11:39:14.502728,228.38434338999764,96149.105
2025-02-23 11:40:25.021629,214.4231949499981,96144.475
2025-02-23 11:41:35.177809,229.00498821999804,96100.005
2025-02-23 11:42:49.502073,221.69148221999762,96141.94
2025-02-23 11:43:56.282485,224.4392049699976,96139.175
2025-02-23 11:45:03.730301,222.149121429998,96132.375
2025-02-23 11:46:07.844151,222.67320660999758,96123.755
2025-02-23 11:47:11.985665,219.54178564999802,96113.575
2025-02-23 11:48:16.906874,222.72321345999762,96108.64
2025-02-23 11:49:22.068293,221.5291629899972,96113.255
2025-02-23 11:50:26.821583,219.98786011999755,96111.23
2025-02-23 11:51:33.131520,214.1642406499974,96107.865
2025-02-23 11:52:37.225492,217.60763649999717,96100.205
2025-02-23 11:53:41.225375,218.9350763199975,96124.105
2025-02-23 11:54:45.709344,215.39353952999738,96132.365
2025-02-23 11:55:50.427473,209.4631572699975,96148.085
2025-02-23 11:56:55.548260,210.11367558999734,96153.795
2025-02-23 11:57:59.401563,214.6143945999973,96135.435
2025-02-23 11:59:03.248375,206.8235080299978,96176.025
2025-02-23 12:00:08.806282,205.523796109998,96187.035
2025-02-23 12:01:12.964827,223.0843287499963,96142.045
2025-02-23 12:02:17.183801,218.04250249999706,96165.435
2025-02-23 12:03:20.902519,219.17567059999686,96171.535
2025-02-23 12:04:25.587613,192.60687167999686,96200.755
2025-02-23 12:05:31.287561,199.61456119999684,96202.005
2025-02-23 12:06:35.912060,199.80078968999692,96202.855
2025-02-23 12:07:40.981074,192.63061126999708,96197.585
2025-02-23 12:08:45.235117,193.45204267999748,96201.58
2025-02-23 12:09:49.448857,186.23416207999776,96226.285
2025-02-23 12:10:54.397139,183.45375600999785,96227.455
2025-02-23 12:12:00.765694,184.8003622199975,96215.87
2025-02-23 12:13:04.817453,190.45252146999746,96211.195
2025-02-23 12:14:09.167336,187.99898382999777,96213.825
2025-02-23 12:15:14.806391,191.8678344399981,96212.32
2025-02-23 12:16:21.606467,192.23657032999802,96213.725
2025-02-23 12:17:26.885768,191.94679438999788,96214.53
2025-02-23 12:18:31.784720,186.546289789998,96215.95
2025-02-23 12:19:36.378901,186.9074570499979,96241.755
2025-02-23 12:20:40.882171,186.8796014099978,96230.765
2025-02-23 12:21:45.577077,190.12775509999778,96219.475
2025-02-23 12:22:50.238276,213.9413094199969,96204.395
2025-02-23 12:23:54.560495,218.28148786999697,96185.815
2025-02-23 12:24:59.278277,191.7862625199973,96201.93
2025-02-23 12:26:03.157839,202.40861661999668,96208.055
2025-02-23 12:27:07.162308,200.5229510799968,96195.615
2025-02-23 12:28:11.573901,214.83841278999705,96186.775
2025-02-23 12:29:16.194013,201.947609139998,96189.825
2025-02-23 12:30:21.401191,199.02471468999795,96184.035
2025-02-23 12:31:27.427458,203.74422850999804,96167.455
2025-02-23 12:32:31.492523,202.5165626199979,96189.305
2025-02-23 12:33:35.470669,180.901717669998,96189.51
2025-02-23 12:34:42.249408,199.6306531499979,96190.005
2025-02-23 12:50:44.893413,201.7008164899977,96126.275
2025-02-23 13:06:53.063523,197.70078357999796,96132.665
2025-02-23 13:23:28.912120,218.0252162199987,95944.325
2025-02-23 13:24:36.818879,219.7767848899988,95953.075
2025-02-23 13:25:43.270361,235.6351573499993,95926.275
2025-02-23 13:26:49.993262,239.09873427999923,95903.085
2025-02-23 13:27:56.025181,242.15803588999916,95854.015
2025-02-23 13:56:21.786109,299.0751357899992,95756.45
2025-02-23 13:58:30.345525,296.559793959999,95715.325
2025-02-23 17:19:49.683527,284.17921635999994,95501.175
2025-02-23 17:20:53.227287,292.87739407999993,95485.825
2025-02-23 17:22:01.104216,283.8433491100001,95467.145
2025-02-23 17:23:05.513921,295.0839408799999,95475.765
2025-02-23 17:24:09.997757,294.54955570999994,95481.165
2025-02-23 17:25:14.485841,294.26336418000005,95487.915
2025-02-23 17:26:18.976934,292.88972951,95509.145
2025-02-23 17:27:24.012633,294.7886492399998,95520.795
2025-02-23 17:39:47.305242,288.27214568999943,95507.385
2025-02-23 17:48:45.769734,260.3985092800002,95596.885
2025-02-23 17:50:16.038697,262.90052216000083,95589.865
2025-02-23 17:51:20.783904,259.9462926699996,95525.245
2025-02-23 17:52:25.212000,263.1793321299996,95526.135
2025-02-23 17:53:30.163978,264.70562914000016,95522.835
2025-02-23 17:54:36.559735,265.0501248700002,95542.225
2025-02-23 17:55:44.586622,268.7099669499996,95525.785
2025-02-23 17:56:49.892818,268.4911797999994,95523.595
2025-02-23 17:57:54.919240,267.3786006499996,95503.705
2025-02-23 17:58:59.584059,278.79808163999974,95455.005
2025-02-23 18:00:03.528925,297.7345291299998,95420.615
2025-02-23 18:01:09.288589,290.77304734999984,95432.225
2025-02-23 18:02:18.275775,290.6290282899998,95439.495
2025-02-23 18:03:23.417990,288.6504219799998,95439.355
2025-02-23 18:04:27.790736,295.5246687899995,95436.605
2025-02-23 18:05:32.246196,296.9708208799996,95441.495
2025-02-23 18:06:36.791645,295.67904208999965,95454.665
2025-02-23 18:07:41.195721,294.8423324899996,95468.835
2025-02-23 18:08:45.752529,299.1557534499993,95445.525
2025-02-23 18:09:50.646838,278.16488334999985,95442.505
2025-02-23 18:10:55.761438,270.19730390999985,95410.005
2025-02-23 18:12:02.041464,270.6233182399992,95402.975
2025-02-23 18:13:08.001715,270.8628721499996,95392.775
2025-02-23 18:14:14.859846,263.4866664699996,95351.815
2025-02-23 18:15:19.024712,258.2384737299999,95342.075
2025-02-23 18:16:25.023499,266.9997579300003,95322.985
2025-02-23 18:17:29.426607,297.79058862999875,95346.195
2025-02-23 18:18:35.077176,269.15565784,95384.225
2025-02-23 18:19:41.456680,274.5459831699991,95352.895
2025-02-23 18:20:45.647586,277.0148372699997,95378.725
2025-02-23 18:21:50.482832,265.23907367999993,95357.995
2025-02-23 18:23:02.309447,288.2351818699999,95317.295
2025-02-23 18:24:08.673000,289.9426002299997,95314.025
2025-02-23 18:25:15.795051,284.9546015999994,95311.775
2025-02-23 18:26:24.283512,294.69024807000017,95276.835
2025-02-23 18:27:29.419899,296.3334586399999,95272.255
2025-02-23 18:28:35.971271,286.1572069400006,95267.475
2025-02-23 18:29:42.757218,318.45959261000064,95271.245
2025-02-23 18:30:47.307248,288.09605175000036,95274.275
2025-02-23 18:31:53.519802,278.70051535000084,95254.395
2025-02-23 18:32:58.193415,289.7782302899999,95279.995
2025-02-23 18:34:04.683378,294.43783067999993,95261.935
2025-02-23 18:35:11.166360,305.98675326999967,95289.795
2025-02-23 18:36:15.626816,293.42742926999927,95334.055
2025-02-23 18:37:33.901575,303.9677802699994,95371.465
2025-02-23 18:38:37.851455,298.2899065399989,95391.205
2025-02-23 18:39:43.523770,271.28966084000024,95508.685
2025-02-23 18:40:51.204792,273.97733198999913,95535.005
2025-02-23 18:41:58.293754,283.7593023899992,95502.535
2025-02-23 18:43:15.200223,273.21377312000004,95584.405
2025-02-23 18:44:21.878913,269.55514124999934,95590.555
2025-02-23 18:46:14.234863,284.3562204999994,95549.045
2025-02-23 18:47:23.966160,264.8107555500005,95588.555
2025-02-23 18:48:30.345116,277.79687612000055,95612.13
2025-02-23 18:49:35.571183,267.49069087,95592.315
